,,,,,,Date,,,,,,,,,Terms,,,,,,,,,,,,,,Results,,,,,,,,,,Pricing,,,,,,Market Pricing,,,,,,,Trading Statistics,,,,,,,,,,cust_trr_start_dt,cust_trr_end_dt,cust_trr_return_holding_per,,,,Predicted Participation at Tender Price,,,,,,,,,Predicted Premium of Tender Price,,,,,,,,,
,Notes,Ticker,Concatenation ,Target Name,Market Cap,Announced,Expiration,Pre-Deal Date,5-Days Prior to Expiration Date,Post Expiration Date,,,Duration,,Min Price,Max Price,Min Shares,Max Shares ,Min Value,Max Value,Size by Shrs,Upsided Option (shrs),Max Upside with 2%,Shares Eligible for Tender,Total Shares O/S,Relative Size,Adjusted Relative Size,,Shares Tendered at Acceptance Price,Total Shares Tendered (not usually given,Price Paid,Premium Paid,Shares Purchased,Value Repurchased,Proration At Acceptance Price % (total shares),Proration At Acceptance Price % (announced shares),Participation at Acceptance Price % ,,Pre-Deal,Deal on Announcement,5-Days Prior to Expiration Date,On Expiration Date,After Expiration,,SPX on Deal Announcement,SPX on Expiration Date,VIX on Expiration Date,Implied Vol - Vix,52 Week Low,52 Week High,,Tender Premium % (Low tender price),Tender Premium % (high tender price),Pro-Rate (low tender price),Pro-Rate (high tender price),Total Excess Volume vs. Historical Average,Implied Pre-Deal Vol (60-day),Stock Appreciation Over Tender Period,Stock Change On Announce Day,Stock Change Post Tender Expiration,Change in SPX over Tender Period,Stock vs. SPX over Tender Period,Total Excess Volume / Average Shares to be Repurchased,Stock Pre Tender 90 Day Performance,Implied Pre 90 Day Price,Tender Premium to 3 Month Pre-Tender Price,,Participation at Tender Price,Adjusted Relative Size,Tender Premium % (high tender price),Excess Volume / Average Shares to be Repurchased,Stock Appreciation Over Tender Period,Stock Change Post Tender Expiration,,Tender Premium to 3 Month Pre-Tender Price,,Premium Paid,Tender Premium % (high tender price),Stock Appreciation Over Tender Period,Stock Change On Announce Day,Total Excess Volume / Average Shares to be Repurchased,,Stock Change On Announce Day,,,
,{NSN GXALQ83H0JK1 <go>}…this one had 2 ammendments,DVA US,DVA US Equity,DaVita Inc,#N/A,3/15/2002,5/30/2002,3/14/02,5/22/02,5/31/02,20011213,20020314,75,,$21.00,$25.00,15.0,15.0,$315.0,$375.0,X,16.7,,#N/A,#N/A,#N/A,#N/A,,19.3,N/A,$24.00,#N/A,16.7,$400.4,86.5%,77.8%,#N/A,,#N/A,#N/A,#N/A,#N/A,#N/A,,#N/A,#N/A,#N/A,#N/A,$15.40 ,$24.45 ,,#N/A,#N/A,#N/A,#N/A,29.8,#N/A,#N/A,#N/A,#N/A,#N/A,#N/A,198.6%,#NAME?,#N/A,#N/A,,#N/A,#N/A,#N/A,198.64%,#N/A,#N/A,,#N/A,,#N/A,#N/A,#N/A,#N/A,198.64%,,#N/A,,,
,Commence {NSN GW9UF93PWT1D <go>},920479Q US,920479Q US Equity,Lone Star Steak House and Saloon,#N/A,5/9/2002,6/14/2002,5/8/02,6/7/02,6/17/02,20020206,20020508,35,,$20.50,$22.50,4.0,4.0,$82.0,$90.0,X,,,#N/A,#N/A,#N/A,#N/A,,4.7,N/A,$21.38,#N/A,4.0,$85.5,85.5%,85.5%,#N/A,,#N/A,#N/A,#N/A,#N/A,#N/A,,#N/A,#N/A,#N/A,#N/A,$9.70 ,$20.97 ,,#N/A,#N/A,#N/A,#N/A,1.7,#N/A,#N/A,#N/A,#N/A,#N/A,#N/A,41.3%,#NAME?,#N/A,#N/A,,#N/A,#N/A,#N/A,41.28%,#N/A,#N/A,,#N/A,,#N/A,#N/A,#N/A,#N/A,41.28%,,#N/A,,,
,Final {NSN H1V5JY3H0JK1 <go>},ENR US,ENR US Equity,Energizer Holdings Inc,#N/A,8/5/2002,8/30/2002,8/2/02,8/23/02,9/3/02,20020503,20020802,25,,$25.50,$29.00,6.0,6.0,$153.0,$174.0,X,,,#N/A,#N/A,#N/A,#N/A,,2.6,2.6,$29.00,#N/A,2.6,$76.4,100.0%,100.0%,#N/A,,#N/A,#N/A,#N/A,#N/A,#N/A,,#N/A,#N/A,#N/A,#N/A,$15.01 ,$29.34 ,,#N/A,#N/A,#N/A,#N/A,3.3,#N/A,#N/A,#N/A,#N/A,#N/A,#N/A,54.4%,#NAME?,#N/A,#N/A,,#N/A,#N/A,#N/A,54.44%,#N/A,#N/A,,#N/A,,#N/A,#N/A,#N/A,#N/A,54.44%,,#N/A,,,
,Announce {NSN H2NGZJ3H0JK2 <go>},ASNA US,ASNA US Equity,Dress Barn Inc/The,#N/A,9/19/2002,10/18/2002,9/18/02,10/11/02,10/21/02,20020619,20020918,29,,$15.00,$17.00,8.0,8.0,$120.0,$136.0,X,,,#N/A,#N/A,#N/A,#N/A,,9.2,N/A,$15.00,#N/A,8.0,$120.0,86.8%,86.8%,#N/A,,#N/A,#N/A,#N/A,#N/A,#N/A,,#N/A,#N/A,#N/A,#N/A,$11.15 ,$16.83 ,,#N/A,#N/A,#N/A,#N/A,10.2,#N/A,#N/A,#N/A,#N/A,#N/A,#N/A,127.2%,#NAME?,#N/A,#N/A,,#N/A,#N/A,#N/A,127.15%,#N/A,#N/A,,#N/A,,#N/A,#N/A,#N/A,#N/A,127.15%,,#N/A,,,
,"Announce {NSN H4PN5S3H0JK2 <go>}, Final {NSN H6KC0N3H65TU <go>}",KEYN US,KEYN US Equity,Keynote Systems Inc,#N/A,10/29/2002,11/26/2002,10/28/02,11/19/02,11/27/02,20020729,20021028,27,,$7.00,$8.00,10.0,10.0,$70.0,$80.0,X,,,#N/A,#N/A,#N/A,#N/A,,4.3,4.3,$8.00,#N/A,4.3,$34.4,100.0%,100.0%,#N/A,,#N/A,#N/A,#N/A,#N/A,#N/A,,#N/A,#N/A,#N/A,#N/A,$6.21 ,$10.15 ,,#N/A,#N/A,#N/A,#N/A,1.5,#N/A,#N/A,#N/A,#N/A,#N/A,#N/A,14.6%,#NAME?,#N/A,#N/A,,#N/A,#N/A,#N/A,14.60%,#N/A,#N/A,,#N/A,,#N/A,#N/A,#N/A,#N/A,14.60%,,#N/A,,,
,Final {NSN H715AJ3H0JK1 <go>},SFSW US,SFSW US Equity,State Financial Services Corp,#N/A,10/30/2002,12/6/2002,10/29/02,11/29/02,12/9/02,20020730,20021029,36,,$14.00,$16.50,0.7,0.7,$9.8,$11.6,X,0.7,,#N/A,#N/A,#N/A,#N/A,,0.7,0.7,$16.50,#N/A,0.7,$11.8,100.0%,97.8%,#N/A,,#N/A,#N/A,#N/A,#N/A,#N/A,,#N/A,#N/A,#N/A,#N/A,$11.40 ,$15.25 ,,#N/A,#N/A,#N/A,#N/A,0.8,#N/A,#N/A,#N/A,#N/A,#N/A,#N/A,110.4%,#NAME?,#N/A,#N/A,,#N/A,#N/A,#N/A,110.40%,#N/A,#N/A,,#N/A,,#N/A,#N/A,#N/A,#N/A,110.40%,,#N/A,,,
,"Announce {NSN H5F69F3T6SQP <go>}, Final {NSN H70EDE3T6SQP <go>}",RAH US,RAH US Equity,Ralcorp Holdings Inc,#N/A,11/11/2002,12/11/2002,11/8/02,12/4/02,12/12/02,20020809,20021108,30,,$21.00,$24.00,4.0,4.0,$84.0,$96.0,X,,,#N/A,#N/A,#N/A,#N/A,,1.1,1.1,$24.00,#N/A,1.1,$27.5,100.0%,100.0%,#N/A,,#N/A,#N/A,#N/A,#N/A,#N/A,,#N/A,#N/A,#N/A,#N/A,$19.50 ,$31.25 ,,#N/A,#N/A,#N/A,#N/A,1.1,#N/A,#N/A,#N/A,#N/A,#N/A,#N/A,28.0%,#NAME?,#N/A,#N/A,,#N/A,#N/A,#N/A,28.03%,#N/A,#N/A,,#N/A,,#N/A,#N/A,#N/A,#N/A,28.03%,,#N/A,,,
,"Announce {NSN H9QGWF3T6SQP <go>}, Final {NSN HBPL443TCF0H <go>}",BF/B US,BF/B US Equity,Brown-Forman Corp,#N/A,2/3/2003,3/4/2003,1/31/03,2/25/03,3/5/03,20021101,20030131,31,,$63.00,$73.00,6.8,6.8,$428.4,$496.4,X,7.6,,#N/A,#N/A,#N/A,#N/A,,7.7,N/A,$70.50,#N/A,7.6,$535.1,98.1%,87.9%,#N/A,,#N/A,#N/A,#N/A,#N/A,#N/A,,#N/A,#N/A,#N/A,#N/A,$59.31 ,$80.05 ,,#N/A,#N/A,#N/A,#N/A,11.4,#N/A,#N/A,#N/A,#N/A,#N/A,#N/A,167.5%,#NAME?,#N/A,#N/A,,#N/A,#N/A,#N/A,167.50%,#N/A,#N/A,,#N/A,,#N/A,#N/A,#N/A,#N/A,167.50%,,#N/A,,,
,"Announce {NSN HDC1HZ3T6SQP <go>}, Final {NSN HEZATX3T6SQP <go>}",TYL US,TYL US Equity,Tyler Technologies Inc,#N/A,4/14/2003,5/12/2003,4/11/03,5/5/03,5/13/03,20030110,20030411,28,,$3.60,$4.00,4.2,4.2,$15.1,$16.8,X,5.1,,#N/A,#N/A,#N/A,#N/A,,6.0,6.0,$4.00,#N/A,5.1,$20.4,85.2%,70.1%,#N/A,,#N/A,#N/A,#N/A,#N/A,#N/A,,#N/A,#N/A,#N/A,#N/A,$3.07 ,$5.98 ,,#N/A,#N/A,#N/A,#N/A,1.2,#N/A,#N/A,#N/A,#N/A,#N/A,#N/A,29.5%,#NAME?,#N/A,#N/A,,#N/A,#N/A,#N/A,29.46%,#N/A,#N/A,,#N/A,,#N/A,#N/A,#N/A,#N/A,29.46%,,#N/A,,,
,"Announce {NSN HDRTNB3H0JK2 <go>}, Final {NSN HFMB6U3H65TT <go>}",AOT US,AOT US Equity,Apogent Technologies Inc,#N/A,4/23/2003,5/21/2003,4/22/03,5/14/03,5/22/03,20030121,20030422,28,,$15.00,$17.50,15.0,15.0,$225.0,$262.5,X,,,#N/A,#N/A,#N/A,#N/A,,6.0,6.0,$17.50,#N/A,6.0,$105.4,100.0%,100.0%,#N/A,,#N/A,#N/A,#N/A,#N/A,#N/A,,#N/A,#N/A,#N/A,#N/A,$14.58 ,$24.87 ,,#N/A,#N/A,#N/A,#N/A,-0.4,#N/A,#N/A,#N/A,#N/A,#N/A,#N/A,-2.6%,#NAME?,#N/A,#N/A,,#N/A,#N/A,#N/A,-2.64%,#N/A,#N/A,,#N/A,,#N/A,#N/A,#N/A,#N/A,-2.64%,,#N/A,,,
,"Announce {NSN HDX0QT3H0JK1 <go>}, Ammend, Final {NSN HHVLDI3H0JK1 <go>}'",RCII US,RCII US Equity,Rent-A-Center Inc/TX,#N/A,4/28/2003,6/19/2003,4/25/03,6/12/03,6/20/03,20030124,20030425,51,,$67.00,$73.00,2.2,2.2,$147.4,$160.6,X,,,#N/A,#N/A,#N/A,#N/A,,1.8,1.8,$73.00,#N/A,1.8,$129.2,100.0%,100.0%,#N/A,,#N/A,#N/A,#N/A,#N/A,#N/A,,#N/A,#N/A,#N/A,#N/A,$39.01 ,$63.51 ,,#N/A,#N/A,#N/A,#N/A,-4.2,#N/A,#N/A,#N/A,#N/A,#N/A,#N/A,-191.1%,#NAME?,#N/A,#N/A,,#N/A,#N/A,#N/A,-191.12%,#N/A,#N/A,,#N/A,,#N/A,#N/A,#N/A,#N/A,-191.12%,,#N/A,,,
,Announce {NSN HFXIQ63H65TT <go>},GBL US,GBL US Equity,GAMCO Investors Inc,#N/A,6/4/2003,7/7/2003,6/3/03,6/27/03,7/8/03,20030304,20030603,33,,$28.00,$31.75,0.8,0.8,$22.4,$25.4,X,,,#N/A,#N/A,#N/A,#N/A,,0.0,0.0,$31.75,#N/A,0.0,$0.0,100.0%,100.0%,#N/A,,#N/A,#N/A,#N/A,#N/A,#N/A,,#N/A,#N/A,#N/A,#N/A,$25.38 ,$39.87 ,,#N/A,#N/A,#N/A,#N/A,0.4,#N/A,#N/A,#N/A,#N/A,#N/A,#N/A,55.7%,#NAME?,#N/A,#N/A,,#N/A,#N/A,#N/A,55.70%,#N/A,#N/A,,#N/A,,#N/A,#N/A,#N/A,#N/A,55.70%,,#N/A,,,
,Announce {NSN HG9I4B3T6SQP <go>},CBZ US,CBZ US Equity,CBIZ Inc,#N/A,6/10/2003,7/9/2003,6/9/03,7/1/03,7/10/03,20030310,20030609,29,,$3.00,$3.30,14.0,14.0,$42.0,$46.2,X,,,#N/A,#N/A,#N/A,#N/A,,9.9,9.9,$3.30,#N/A,9.9,$32.8,100.0%,100.0%,#N/A,,#N/A,#N/A,#N/A,#N/A,#N/A,,#N/A,#N/A,#N/A,#N/A,$2.01 ,$3.44 ,,#N/A,#N/A,#N/A,#N/A,3.2,#N/A,#N/A,#N/A,#N/A,#N/A,#N/A,22.5%,#NAME?,#N/A,#N/A,,#N/A,#N/A,#N/A,22.51%,#N/A,#N/A,,#N/A,,#N/A,#N/A,#N/A,#N/A,22.51%,,#N/A,,,
,"Announce {NSN HHCELZ3H0JK1 <go>}, Final {NSN HIU9JW3H65TU <go>}",ZLC US,ZLC US Equity,Zale Corp,#N/A,7/1/2003,7/29/2003,6/30/03,7/22/03,7/30/03,20030331,20030630,28,,$42.00,$48.00,6.4,6.4,$268.8,$307.2,X,,,#N/A,#N/A,#N/A,#N/A,,4.7,4.7,$48.00,#N/A,4.7,$225.6,100.0%,100.0%,#N/A,,#N/A,#N/A,#N/A,#N/A,#N/A,,#N/A,#N/A,#N/A,#N/A,,,,#N/A,#N/A,#N/A,#N/A,11.0,#N/A,#N/A,#N/A,#N/A,#N/A,#N/A,172.1%,#NAME?,#N/A,#N/A,,#N/A,#N/A,#N/A,172.10%,#N/A,#N/A,,#N/A,,#N/A,#N/A,#N/A,#N/A,172.10%,,#N/A,,,
,Announce {NSN HJB5PT3H65TT <go>},BHS US,BHS US Equity,Brookfield Homes Corp,#N/A,8/8/2003,9/30/2003,8/7/03,9/23/03,10/1/03,20030508,20030807,52,,$15.50,$18.50,5.0,5.0,$77.5,$92.5,X,,,#N/A,#N/A,#N/A,#N/A,,1.1,1.1,$18.50,#N/A,1.1,$20.2,100.0%,100.0%,#N/A,,#N/A,#N/A,#N/A,#N/A,#N/A,,#N/A,#N/A,#N/A,#N/A,,,,#N/A,#N/A,#N/A,#N/A,-0.1,#N/A,#N/A,#N/A,#N/A,#N/A,#N/A,-3.0%,#NAME?,#N/A,#N/A,,#N/A,#N/A,#N/A,-2.95%,#N/A,#N/A,,#N/A,,#N/A,#N/A,#N/A,#N/A,-2.95%,,#N/A,,,
,Announce {NSN HO9CAQ3T6SQP <go>},562340Q US,562340Q US Equity,Metro-Goldwyn-Mayer Inc,#N/A,11/13/2003,1/15/2004,11/12/03,1/8/04,1/16/04,20030813,20031112,62,,$16.25,$18.00,10.0,10.0,$162.5,$180.0,X,,,#N/A,#N/A,#N/A,#N/A,,16.2,N/A,$17.00,#N/A,10.0,$170.0,61.7%,61.7%,#N/A,,#N/A,#N/A,#N/A,#N/A,#N/A,,#N/A,#N/A,#N/A,#N/A,,,,#N/A,#N/A,#N/A,#N/A,-6.8,#N/A,#N/A,#N/A,#N/A,#N/A,#N/A,-68.1%,#NAME?,#N/A,#N/A,,#N/A,#N/A,#N/A,-68.10%,#N/A,#N/A,,#N/A,,#N/A,#N/A,#N/A,#N/A,-68.10%,,#N/A,,,
,Announce {NSN HOYMVG3V7U9T <go>},CACC US,CACC US Equity,Credit Acceptance Corp,#N/A,11/26/2003,1/6/2004,11/25/03,12/29/03,1/7/04,20030826,20031125,40,,$12.50,$17.00,2.6,2.6,$32.5,$44.2,X,,,#N/A,#N/A,#N/A,#N/A,,2.2,2.2,$17.00,#N/A,2.2,$37.4,100.0%,100.0%,#N/A,,#N/A,#N/A,#N/A,#N/A,#N/A,,#N/A,#N/A,#N/A,#N/A,,,,#N/A,#N/A,#N/A,#N/A,2.0,#N/A,#N/A,#N/A,#N/A,#N/A,#N/A,78.0%,#NAME?,#N/A,#N/A,,#N/A,#N/A,#N/A,77.96%,#N/A,#N/A,,#N/A,,#N/A,#N/A,#N/A,#N/A,77.96%,,#N/A,,,
,"Announce {NSN HPZLCD3T6SQP <go>}, Final {NSN HS5ERV3T6SQP <go>}",ATAC US,ATAC US Equity,ATC Technology Corp/IL,#N/A,12/16/2003,1/20/2004,12/15/03,1/12/04,1/21/04,20030915,20031215,34,,$13.00,$15.75,2.6,2.6,$34.3,$41.6,X,,,#N/A,#N/A,#N/A,#N/A,,4.4,4.4,$15.75,#N/A,2.6,$41.6,59.6%,59.6%,#N/A,,#N/A,#N/A,#N/A,#N/A,#N/A,,#N/A,#N/A,#N/A,#N/A,,,,#N/A,#N/A,#N/A,#N/A,0.6,#N/A,#N/A,#N/A,#N/A,#N/A,#N/A,22.6%,#NAME?,#N/A,#N/A,,#N/A,#N/A,#N/A,22.64%,#N/A,#N/A,,#N/A,,#N/A,#N/A,#N/A,#N/A,22.64%,,#N/A,,,
,Announce {NSN HTOXDS3T6SQP <go>},LTD US,LTD US Equity,Ltd Brands Inc,#N/A,2/26/2004,3/26/2004,2/25/04,3/19/04,3/29/04,20031126,20040225,30,,$19.75,$22.50,44.4,50.6,"$1,000.0","$1,000.0",,,,472.4,536.4,8.9%,10.1%,,65.4,N/A,$19.75,#N/A,50.6,"$1,000.0",77.4%,77.4%,13.8%,,#N/A,#N/A,#N/A,#N/A,#N/A,,#N/A,#N/A,#N/A,#N/A,,,,#N/A,#N/A,9.4%,10.7%,48.1,#N/A,#N/A,#N/A,#N/A,#N/A,#N/A,101.1%,#NAME?,#N/A,#N/A,,13.85%,10.06%,#N/A,101.11%,#N/A,#N/A,,#N/A,,#N/A,#N/A,#N/A,#N/A,101.11%,,#N/A,,,
,"Announce {NSN HU97WJ3V2801 <go>}, Final {NSN HVUJS93V2803 <go>}",TW US,TW US Equity,Towers Watson & Co,#N/A,3/8/2004,4/2/2004,3/5/04,3/26/04,4/5/04,20031205,20040305,24,,$23.00,$25.25,3.6,3.6,$82.8,$90.9,X,,,#N/A,#N/A,#N/A,#N/A,,0.8,0.8,$25.25,#N/A,0.8,$21.0,100.0%,100.0%,#N/A,,#N/A,#N/A,#N/A,#N/A,#N/A,,#N/A,#N/A,#N/A,#N/A,,,,#N/A,#N/A,#N/A,#N/A,0.9,#N/A,#N/A,#N/A,#N/A,#N/A,#N/A,26.2%,#NAME?,#N/A,#N/A,,#N/A,#N/A,#N/A,26.23%,#N/A,#N/A,,#N/A,,#N/A,#N/A,#N/A,#N/A,26.23%,,#N/A,,,
,"Announce {NSN HYXRYB3PWT1D <go>}, Final {NSN I0Y1CS3PWT1D <go>}",BTH US,BTH US Equity,Blyth Inc,#N/A,6/7/2004,7/9/2004,6/4/04,7/1/04,7/12/04,20040305,20040604,32,,$30.00,$35.00,4.0,4.0,$120.0,$140.0,X,4.9,,#N/A,#N/A,#N/A,#N/A,,6.9,6.9,$35.00,#N/A,4.9,$171.7,70.9%,57.8%,#N/A,,#N/A,#N/A,#N/A,#N/A,#N/A,,#N/A,#N/A,#N/A,#N/A,,,,#N/A,#N/A,#N/A,#N/A,3.1,#N/A,#N/A,#N/A,#N/A,#N/A,#N/A,76.5%,#NAME?,#N/A,#N/A,,#N/A,#N/A,#N/A,76.49%,#N/A,#N/A,,#N/A,,#N/A,#N/A,#N/A,#N/A,76.49%,,#N/A,,,
,Announce {NSN HZI8UM3V7U9T <go>},IT US,IT US Equity,Gartner Inc,#N/A,6/18/2004,7/30/2004,6/17/04,7/23/04,8/2/04,20040318,20040617,42,,$12.50,$13.50,11.3,11.3,$141.3,$152.6,X,14.6,,#N/A,#N/A,#N/A,#N/A,,14.6,N/A,$13.30,#N/A,14.6,$194.4,100.0%,77.3%,#N/A,,#N/A,#N/A,#N/A,#N/A,#N/A,,#N/A,#N/A,#N/A,#N/A,,,,#N/A,#N/A,#N/A,#N/A,5.0,#N/A,#N/A,#N/A,#N/A,#N/A,#N/A,44.6%,#NAME?,#N/A,#N/A,,#N/A,#N/A,#N/A,44.58%,#N/A,#N/A,,#N/A,,#N/A,#N/A,#N/A,#N/A,44.58%,,#N/A,,,
,Announce {NSN I2AY7Q3V2801 <go>},CACC US,CACC US Equity,Credit Acceptance Corp,#N/A,8/12/2004,9/9/2004,8/11/04,9/1/04,9/10/04,20040512,20040811,27,,$14.00,$20.00,3.0,3.0,$42.0,$60.0,X,,,#N/A,#N/A,#N/A,#N/A,,2.7,2.7,$20.00,#N/A,2.7,$53.5,100.0%,100.0%,#N/A,,#N/A,#N/A,#N/A,#N/A,#N/A,,#N/A,#N/A,#N/A,#N/A,,,,#N/A,#N/A,#N/A,#N/A,0.7,#N/A,#N/A,#N/A,#N/A,#N/A,#N/A,23.4%,#NAME?,#N/A,#N/A,,#N/A,#N/A,#N/A,23.36%,#N/A,#N/A,,#N/A,,#N/A,#N/A,#N/A,#N/A,23.36%,,#N/A,,,
,Announce {NSN I3202Q3TCF0H <go>},PPD US,PPD US Equity,Pre-Paid Legal Services Inc,#N/A,8/26/2004,9/28/2004,8/25/04,9/21/04,9/29/04,20040526,20040825,32,,$22.50,$26.00,1.0,1.0,$22.5,$26.0,X,,,#N/A,#N/A,#N/A,#N/A,,1.0,1.0,$26.00,#N/A,1.0,$25.5,100.0%,100.0%,#N/A,,#N/A,#N/A,#N/A,#N/A,#N/A,,#N/A,#N/A,#N/A,#N/A,,,,#N/A,#N/A,#N/A,#N/A,2.0,#N/A,#N/A,#N/A,#N/A,#N/A,#N/A,197.7%,#NAME?,#N/A,#N/A,,#N/A,#N/A,#N/A,197.68%,#N/A,#N/A,,#N/A,,#N/A,#N/A,#N/A,#N/A,197.68%,,#N/A,,,
,Announce {NSN I3ZXG13V2801 <go>},PGR US,PGR US Equity,Progressive Corp/The,#N/A,9/14/2004,10/15/2004,9/13/04,10/8/04,10/18/04,20040614,20040913,31,,$78.00,$88.00,17.1,17.1,"$1,333.8","$1,504.8",X,,,#N/A,#N/A,#N/A,#N/A,,16.9,16.9,$88.00,#N/A,16.9,"$1,488.9",100.0%,100.0%,#N/A,,#N/A,#N/A,#N/A,#N/A,#N/A,,#N/A,#N/A,#N/A,#N/A,,,,#N/A,#N/A,#N/A,#N/A,3.9,#N/A,#N/A,#N/A,#N/A,#N/A,#N/A,23.1%,#NAME?,#N/A,#N/A,,#N/A,#N/A,#N/A,23.07%,#N/A,#N/A,,#N/A,,#N/A,#N/A,#N/A,#N/A,23.07%,,#N/A,,,
,,LTD US,LTD US Equity,Ltd Brands Inc,#N/A,10/7/2004,11/22/2004,10/6/04,11/15/04,11/23/04,20040707,20041006,45,,$25.25,$29.00,69.0,79.2,"$2,000.0","$2,000.0",,,,412.0,475.0,15.6%,18.0%,,87.8,87.8,$29.00,#N/A,69.0,"$2,000.0",78.6%,78.6%,21.3%,,#N/A,#N/A,#N/A,#N/A,#N/A,,#N/A,#N/A,#N/A,#N/A,,,,#N/A,#N/A,16.7%,19.2%,44.5,#N/A,#N/A,#N/A,#N/A,#N/A,#N/A,60.0%,#NAME?,#N/A,#N/A,,21.30%,17.98%,#N/A,60.00%,#N/A,#N/A,,#N/A,,#N/A,#N/A,#N/A,#N/A,60.00%,,#N/A,,,
,"Announce {NSN I5IVOJ3T6SQP <go>}, Final {NSN I70P763T6SQP <go>}",3605818Q US,3605818Q US Equity,HCA Inc/DE - Pre 2010 IPO,#N/A,10/13/2004,11/11/2004,10/12/04,11/4/04,11/12/04,20040713,20041012,28,,$35.00,$41.00,61.0,61.0,"$2,135.0","$2,501.0",X,62.0,,#N/A,#N/A,#N/A,#N/A,,62.0,93.0,$39.75,#N/A,62.0,"$2,465.5",100.0%,98.3%,#N/A,,#N/A,#N/A,#N/A,#N/A,#N/A,,#N/A,#N/A,#N/A,#N/A,,,,#N/A,#N/A,#N/A,#N/A,68.9,#N/A,#N/A,#N/A,#N/A,#N/A,#N/A,113.0%,#NAME?,#N/A,#N/A,,#N/A,#N/A,#N/A,112.99%,#N/A,#N/A,,#N/A,,#N/A,#N/A,#N/A,#N/A,112.99%,,#N/A,,,
,Announce {NSN I6LWFU3PWT1E <go>},UNTD US,UNTD US Equity,United Online Inc,#N/A,11/3/2004,12/13/2004,11/2/04,12/6/04,12/14/04,20040803,20041102,40,,$9.00,$10.50,14.3,14.3,$128.6,$150.0,X,,,#N/A,#N/A,#N/A,#N/A,,0.0,0.0,$10.50,#N/A,0.0,$0.4,100.0%,100.0%,#N/A,,#N/A,#N/A,#N/A,#N/A,#N/A,,#N/A,#N/A,#N/A,#N/A,,,,#N/A,#N/A,#N/A,#N/A,-13.3,#N/A,#N/A,#N/A,#N/A,#N/A,#N/A,-93.4%,#NAME?,#N/A,#N/A,,#N/A,#N/A,#N/A,-93.35%,#N/A,#N/A,,#N/A,,#N/A,#N/A,#N/A,#N/A,-93.35%,,#N/A,,,
,Ammend {NSN I8S1ID3V2801 <go>},VTRU US,VTRU US Equity,Vertrue Inc,#N/A,11/8/2004,1/7/2005,11/5/04,12/31/04,1/10/05,20040806,20041105,59,,$33.50,$38.50,0.5,0.5,$16.8,$19.3,X,0.6,,#N/A,#N/A,#N/A,#N/A,,0.6,0.6,$38.50,#N/A,0.6,$23.3,100.0%,82.6%,#N/A,,#N/A,#N/A,#N/A,#N/A,#N/A,,#N/A,#N/A,#N/A,#N/A,,,,#N/A,#N/A,#N/A,#N/A,-0.2,#N/A,#N/A,#N/A,#N/A,#N/A,#N/A,-35.3%,#NAME?,#N/A,#N/A,,#N/A,#N/A,#N/A,-35.26%,#N/A,#N/A,,#N/A,,#N/A,#N/A,#N/A,#N/A,-35.26%,,#N/A,,,
,"Announce {NSN IB6R9P3V7U9T <go>}, NSN IDGBPE3V7U9T ",CSS US,CSS US Equity,CSS Industries Inc,#N/A,1/31/2005,3/4/2005,1/28/05,2/25/05,3/7/05,20041029,20050128,34,,$30.00,$35.00,1.5,1.5,$45.0,$52.5,X,1.7,,#N/A,#N/A,#N/A,#N/A,,2.0,2.0,$35.00,#N/A,1.7,$60.9,86.6%,74.6%,#N/A,,#N/A,#N/A,#N/A,#N/A,#N/A,,#N/A,#N/A,#N/A,#N/A,,,,#N/A,#N/A,#N/A,#N/A,1.0,#N/A,#N/A,#N/A,#N/A,#N/A,#N/A,65.9%,#NAME?,#N/A,#N/A,,#N/A,#N/A,#N/A,65.94%,#N/A,#N/A,,#N/A,,#N/A,#N/A,#N/A,#N/A,65.94%,,#N/A,,,
,"Announce {NSN IE5YOJ3TCF0J <go>}, Final {NSN IGQH8Z3T6SQP <go>}",OMX US,OMX US Equity,OfficeMax Inc,#N/A,3/30/2005,5/9/2005,3/29/05,5/2/05,5/10/05,20041228,20050329,39,,$30.00,$34.00,23.5,23.5,$705.0,$799.0,X,,,#N/A,#N/A,#N/A,#N/A,,25.3,N/A,$33.00,#N/A,23.5,$775.5,92.8%,92.8%,#N/A,,#N/A,#N/A,#N/A,#N/A,#N/A,,#N/A,#N/A,#N/A,#N/A,,,,#N/A,#N/A,#N/A,#N/A,8.9,#N/A,#N/A,#N/A,#N/A,#N/A,#N/A,37.8%,#NAME?,#N/A,#N/A,,#N/A,#N/A,#N/A,37.76%,#N/A,#N/A,,#N/A,,#N/A,#N/A,#N/A,#N/A,37.76%,,#N/A,,,
,"Announce {NSN IEH42B3V7U9V <go>}, Final {NSN IG194I3V7U9T <go>}",TNS US,TNS US Equity,TNS Inc,#N/A,4/5/2005,5/3/2005,4/4/05,4/26/05,5/4/05,20050103,20050404,28,,$18.00,$18.50,9.0,9.0,$162.0,$166.5,X,,,#N/A,#N/A,#N/A,#N/A,,6.3,6.3,$18.50,#N/A,6.3,$115.9,100.0%,100.0%,#N/A,,#N/A,#N/A,#N/A,#N/A,#N/A,,#N/A,#N/A,#N/A,#N/A,,,,#N/A,#N/A,#N/A,#N/A,0.5,#N/A,#N/A,#N/A,#N/A,#N/A,#N/A,5.7%,#NAME?,#N/A,#N/A,,#N/A,#N/A,#N/A,5.67%,#N/A,#N/A,,#N/A,,#N/A,#N/A,#N/A,#N/A,5.67%,,#N/A,,,
,"Announce {NSN IF8RWF3T6SQR <go>}, Final {NSN IH0KAC3T6SQP <go>}",DLP US,DLP US Equity,Delta & Pine Land Co,#N/A,4/20/2005,5/17/2005,4/19/05,5/10/05,5/18/05,20050118,20050419,27,,$25.00,$28.75,1.7,1.7,$43.5,$50.0,X,2.4,,#N/A,#N/A,#N/A,#N/A,,2.4,N/A,$27.00,#N/A,2.4,$64.1,100.0%,73.2%,#N/A,,#N/A,#N/A,#N/A,#N/A,#N/A,,#N/A,#N/A,#N/A,#N/A,,,,#N/A,#N/A,#N/A,#N/A,-2.0,#N/A,#N/A,#N/A,#N/A,#N/A,#N/A,-117.6%,#NAME?,#N/A,#N/A,,#N/A,#N/A,#N/A,-117.65%,#N/A,#N/A,,#N/A,,#N/A,#N/A,#N/A,#N/A,-117.65%,,#N/A,,,
,Announce {NSN IG2HJN3TCF0H <go>},MWV US,MWV US Equity,MeadWestvaco Corp,#N/A,5/6/2005,6/8/2005,5/5/05,6/1/05,6/9/05,20050203,20050505,32,,$28.25,$32.50,16.0,16.0,$452.0,$520.0,X,18.7,,#N/A,#N/A,#N/A,#N/A,,18.7,N/A,$29.50,#N/A,18.7,$551.8,100.0%,85.5%,#N/A,,#N/A,#N/A,#N/A,#N/A,#N/A,,#N/A,#N/A,#N/A,#N/A,,,,#N/A,#N/A,#N/A,#N/A,13.9,#N/A,#N/A,#N/A,#N/A,#N/A,#N/A,86.9%,#NAME?,#N/A,#N/A,,#N/A,#N/A,#N/A,86.91%,#N/A,#N/A,,#N/A,,#N/A,#N/A,#N/A,#N/A,86.91%,,#N/A,,,
,"Announce {NSN IGKUGE3T6SQR <go>}, Final {NSN II8WYC3T6SQP <go>}",EMMS US,EMMS US Equity,Emmis Communications Corp,#N/A,5/10/2005,6/13/2005,5/9/05,6/6/05,6/14/05,20050207,20050509,33,,$17.25,$19.75,20.3,20.3,$349.3,$399.9,X,,,#N/A,#N/A,#N/A,#N/A,,24.3,N/A,$19.50,#N/A,20.3,$394.9,83.4%,83.4%,#N/A,,#N/A,#N/A,#N/A,#N/A,#N/A,,#N/A,#N/A,#N/A,#N/A,,,,#N/A,#N/A,#N/A,#N/A,23.3,#N/A,#N/A,#N/A,#N/A,#N/A,#N/A,115.0%,#NAME?,#N/A,#N/A,,#N/A,#N/A,#N/A,115.05%,#N/A,#N/A,,#N/A,,#N/A,#N/A,#N/A,#N/A,115.05%,,#N/A,,,
,"Announce {NSN IH2J413V7U9T <go>}, Ammend {NSN IIL7B13V2801 <go>}, Final {NSN IJMWO23V2801 <go>}",PLMD US,PLMD US Equity,PolyMedica Corp,#N/A,5/26/2005,7/8/2005,5/25/05,6/30/05,7/11/05,20050223,20050525,42,,$34.75,$37.50,4.0,4.3,$150.0,$150.0,,,,#N/A,#N/A,#N/A,#N/A,,6.9,6.9,$37.50,#N/A,4.0,$150.0,58.0%,58.0%,#N/A,,#N/A,#N/A,#N/A,#N/A,#N/A,,#N/A,#N/A,#N/A,#N/A,,,,#N/A,#N/A,#N/A,#N/A,2.2,#N/A,#N/A,#N/A,#N/A,#N/A,#N/A,53.4%,#NAME?,#N/A,#N/A,,#N/A,#N/A,#N/A,53.39%,#N/A,#N/A,,#N/A,,#N/A,#N/A,#N/A,#N/A,53.39%,,#N/A,,,
,"Announce {NSN II2R6X3T6SQP <go>}, , Final {NSN IK0YI43T6SQP <go>}",MYL US,MYL US Equity,Mylan Inc/PA,#N/A,6/14/2005,7/15/2005,6/13/05,7/8/05,7/18/05,20050314,20050613,31,,$18.00,$20.50,48.8,48.8,$878.0,"$1,000.0",X,51.3,,#N/A,#N/A,#N/A,#N/A,,54.4,N/A,$19.50,#N/A,51.3,"$1,000.0",94.3%,89.7%,#N/A,,#N/A,#N/A,#N/A,#N/A,#N/A,,#N/A,#N/A,#N/A,#N/A,,,,#N/A,#N/A,#N/A,#N/A,31.0,#N/A,#N/A,#N/A,#N/A,#N/A,#N/A,63.5%,#NAME?,#N/A,#N/A,,#N/A,#N/A,#N/A,63.47%,#N/A,#N/A,,#N/A,,#N/A,#N/A,#N/A,#N/A,63.47%,,#N/A,,,
,"Announce {NSN IIFMM43V2802 <go>}, Final {NSN IKB1043V2801 <go>}",BAMM US,BAMM US Equity,Books-A-Million Inc,#N/A,6/21/2005,7/21/2005,6/20/05,7/14/05,7/22/05,20050321,20050620,30,,$8.75,$10.00,4.0,4.0,$35.0,$40.0,X,,,#N/A,#N/A,#N/A,#N/A,,0.1,0.1,$10.00,#N/A,0.1,$0.6,100.0%,100.0%,#N/A,,#N/A,#N/A,#N/A,#N/A,#N/A,,#N/A,#N/A,#N/A,#N/A,,,,#N/A,#N/A,#N/A,#N/A,2.6,#N/A,#N/A,#N/A,#N/A,#N/A,#N/A,64.6%,#NAME?,#N/A,#N/A,,#N/A,#N/A,#N/A,64.57%,#N/A,#N/A,,#N/A,,#N/A,#N/A,#N/A,#N/A,64.57%,,#N/A,,,
,"Announce {NSN IIUEK33V7U9T <go>},",PFGC US,PFGC US Equity,Performance Food Group Co,#N/A,6/29/2005,8/11/2005,6/28/05,8/4/05,8/12/05,20050329,20050628,42,,$27.50,$31.50,10.0,10.0,$275.0,$315.0,X,10.1,,#N/A,#N/A,#N/A,#N/A,,10.1,N/A,$29.75,#N/A,10.1,$299.6,100.0%,99.3%,#N/A,,#N/A,#N/A,#N/A,#N/A,#N/A,,#N/A,#N/A,#N/A,#N/A,,,,#N/A,#N/A,#N/A,#N/A,11.2,#N/A,#N/A,#N/A,#N/A,#N/A,#N/A,111.9%,#NAME?,#N/A,#N/A,,#N/A,#N/A,#N/A,111.91%,#N/A,#N/A,,#N/A,,#N/A,#N/A,#N/A,#N/A,111.91%,,#N/A,,,
,"Announce {NSN IJVJ4R3T6SQP <go>}, Final {NSN IM1AOD3T6SQQ <go>}",EXAR US,EXAR US Equity,Exar Corp,#N/A,7/19/2005,8/23/2005,7/18/05,8/16/05,8/24/05,20050418,20050718,34,,$15.00,$17.00,7.1,8.0,$120.0,$120.0,,,,#N/A,#N/A,#N/A,#N/A,,9.4,N/A,$16.00,#N/A,7.5,$120.0,79.6%,79.6%,#N/A,,#N/A,#N/A,#N/A,#N/A,#N/A,,#N/A,#N/A,#N/A,#N/A,,,,#N/A,#N/A,#N/A,#N/A,5.4,#N/A,#N/A,#N/A,#N/A,#N/A,#N/A,71.3%,#NAME?,#N/A,#N/A,,#N/A,#N/A,#N/A,71.31%,#N/A,#N/A,,#N/A,,#N/A,#N/A,#N/A,#N/A,71.31%,,#N/A,,,
,"Announce {NSN I69KUD3V7U9T <go>}, Final {NSN I7ZTHS3V2802 <go>}",NATR US,NATR US Equity,Nature's Sunshine Products Inc,#N/A,10/28/2004,11/23/2005,10/27/04,11/16/05,11/25/05,20040728,20041027,385,,$14.20,$16.50,1.0,1.0,$14.2,$16.5,X,,,#N/A,#N/A,#N/A,#N/A,,1.5,1.5,$16.50,#N/A,1.0,$16.5,67.4%,67.4%,#N/A,,#N/A,#N/A,#N/A,#N/A,#N/A,,#N/A,#N/A,#N/A,#N/A,,,,#N/A,#N/A,#N/A,#N/A,2.6,#N/A,#N/A,#N/A,#N/A,#N/A,#N/A,264.5%,#NAME?,#N/A,#N/A,,#N/A,#N/A,#N/A,264.54%,#N/A,#N/A,,#N/A,,#N/A,#N/A,#N/A,#N/A,264.54%,,#N/A,,,
,"Announce NSN IKODK13V2802 <GO>, Final NSN IONPA33V7U9T <GO>",3306180Q US,3306180Q US Equity,Central Parking Corp,#N/A,8/4/2005,10/14/2005,8/3/05,10/7/05,10/17/05,20050504,20050803,70,,$14.00,$16.00,4.4,4.4,$61.6,$70.4,X,4.9,,#N/A,#N/A,#N/A,#N/A,,4.9,N/A,$15.50,#N/A,4.9,$75.3,100.0%,90.5%,#N/A,,#N/A,#N/A,#N/A,#N/A,#N/A,,#N/A,#N/A,#N/A,#N/A,,,,#N/A,#N/A,#N/A,#N/A,1.3,#N/A,#N/A,#N/A,#N/A,#N/A,#N/A,28.5%,#NAME?,#N/A,#N/A,,#N/A,#N/A,#N/A,28.54%,#N/A,#N/A,,#N/A,,#N/A,#N/A,#N/A,#N/A,28.54%,,#N/A,,,
,"Announce NSN IM0AUJ3T6SQP <GO>, Prelim  NSN INKP4O3T6SQQ <GO>, Final  NSN INUB7Y3T6SQP <GO>",8285461Q US,8285461Q US Equity,EGL Inc,#N/A,8/30/2005,9/28/2005,8/29/05,9/21/05,9/29/05,20050530,20050829,28,,$22.50,$26.00,9.6,9.6,$216.3,$250.0,X,,,#N/A,#N/A,#N/A,#N/A,,8.1,8.1,$26.00,#N/A,8.1,$210.2,100.0%,100.0%,#N/A,,#N/A,#N/A,#N/A,#N/A,#N/A,,#N/A,#N/A,#N/A,#N/A,,,,#N/A,#N/A,#N/A,#N/A,2.4,#N/A,#N/A,#N/A,#N/A,#N/A,#N/A,25.4%,#NAME?,#N/A,#N/A,,#N/A,#N/A,#N/A,25.44%,#N/A,#N/A,,#N/A,,#N/A,#N/A,#N/A,#N/A,25.44%,,#N/A,,,
,"Announce  NSN IMPEA03T6SQP <GO>, Commence NSN IN9SIR3T6SQP <GO>, Ammend NSN INH6GX3T6SQP <GO>, Prelim NSN IO8ZZK3T6SQP <GO>, Final NSN IOIE4V3T6SQP <GO>",DY US,DY US Equity,Dycom Industries Inc,#N/A,9/12/2005,10/11/2005,9/9/05,10/4/05,10/12/05,20050610,20050909,29,,$18.50,$21.00,9.5,9.5,$175.8,$199.5,X,,,#N/A,#N/A,#N/A,#N/A,,8.8,8.8,$21.00,#N/A,8.8,$184.0,100.0%,100.0%,#N/A,,#N/A,#N/A,#N/A,#N/A,#N/A,,#N/A,#N/A,#N/A,#N/A,,,,#N/A,#N/A,#N/A,#N/A,-0.4,#N/A,#N/A,#N/A,#N/A,#N/A,#N/A,-4.5%,#NAME?,#N/A,#N/A,,#N/A,#N/A,#N/A,-4.52%,#N/A,#N/A,,#N/A,,#N/A,#N/A,#N/A,#N/A,-4.52%,,#N/A,,,
,"Announce NSN IOARWJ3T6SQP <GO>, Prelim  NSN IPZZH03T6SQP <GO>, Final NSN IQ60Y63T6SQP <GO>",3605818Q US,3605818Q US Equity,HCA Inc/DE - Pre 2010 IPO,#N/A,10/13/2005,11/14/2005,10/12/05,11/7/05,11/15/05,20050713,20051012,31,,$43.00,$50.00,50.0,50.0,"$2,150.0","$2,500.0",X,,,#N/A,#N/A,#N/A,#N/A,,28.7,28.7,$50.00,#N/A,28.7,"$1,437.0",100.0%,100.0%,#N/A,,#N/A,#N/A,#N/A,#N/A,#N/A,,#N/A,#N/A,#N/A,#N/A,,,,#N/A,#N/A,#N/A,#N/A,6.2,#N/A,#N/A,#N/A,#N/A,#N/A,#N/A,12.4%,#NAME?,#N/A,#N/A,,#N/A,#N/A,#N/A,12.38%,#N/A,#N/A,,#N/A,,#N/A,#N/A,#N/A,#N/A,12.38%,,#N/A,,,
,"Announce NSN IV1I4X3T6SQP <GO>,  NSN IVH0JZ3T6SQP <GO>, Ammend  NSN IWWSHS3T6SQP <GO>}, Prelim NSN IXM1NI3TCF0H <GO>, Final NSN IYAR7P3T6SQP <GO>",SHLM US,SHLM US Equity,A Schulman Inc,#N/A,2/21/2006,4/11/2006,2/17/06,4/4/06,4/12/06,20051118,20060217,50,,$21.00,$24.00,8.8,8.8,$183.8,$210.0,X,,,#N/A,#N/A,#N/A,#N/A,,2.1,2.1,$24.00,#N/A,2.1,$49.7,100.0%,100.0%,#N/A,,#N/A,#N/A,#N/A,#N/A,#N/A,,#N/A,#N/A,#N/A,#N/A,,,,#N/A,#N/A,#N/A,#N/A,1.2,#N/A,#N/A,#N/A,#N/A,#N/A,#N/A,13.4%,#NAME?,#N/A,#N/A,,#N/A,#N/A,#N/A,13.35%,#N/A,#N/A,,#N/A,,#N/A,#N/A,#N/A,#N/A,13.35%,,#N/A,,,
,"Announce NSN IPBZ253TCF0H <GO>, Ammend NSN IQ68423T6SQP <GO>, Prelim NSN IR12Y43T6SQP <GO>, Final  NSN IR92Z13T6SQP <GO>",FFBC US,FFBC US Equity,First Financial Bancorp,#N/A,11/2/2005,12/2/2005,11/1/05,11/25/05,12/5/05,20050802,20051101,30,,$17.50,$19.50,3.3,3.3,$56.9,$63.4,X,,,#N/A,#N/A,#N/A,#N/A,,3.7,5.2,$19.00,#N/A,3.3,$61.8,88.6%,88.6%,#N/A,,#N/A,#N/A,#N/A,#N/A,#N/A,,#N/A,#N/A,#N/A,#N/A,,,,#N/A,#N/A,#N/A,#N/A,-0.4,#N/A,#N/A,#N/A,#N/A,#N/A,#N/A,-12.1%,#NAME?,#N/A,#N/A,,#N/A,#N/A,#N/A,-12.07%,#N/A,#N/A,,#N/A,,#N/A,#N/A,#N/A,#N/A,-12.07%,,#N/A,,,
,"Announce  NSN IPYQPD3V2801 <GO>, Final NSN IRRKLD3V2801 <GO>, Prelim NSN IRHQWA3V2805 <GO>, ",A US,A US Equity,Agilent Technologies Inc,#N/A,11/15/2005,12/13/2005,11/14/05,12/6/05,12/14/05,20050815,20051114,28,,$32.00,$37.00,73.0,73.0,"$2,336.0","$2,701.0",X,83.1,,#N/A,#N/A,#N/A,#N/A,,88.6,N/A,$36.00,#N/A,83.1,"$2,990.8",93.7%,82.4%,#N/A,,#N/A,#N/A,#N/A,#N/A,#N/A,,#N/A,#N/A,#N/A,#N/A,,,,#N/A,#N/A,#N/A,#N/A,49.6,#N/A,#N/A,#N/A,#N/A,#N/A,#N/A,68.0%,#NAME?,#N/A,#N/A,,#N/A,#N/A,#N/A,67.98%,#N/A,#N/A,,#N/A,,#N/A,#N/A,#N/A,#N/A,67.98%,,#N/A,,,
,"Announce  NSN IQO7VP3V2801 <GO>, Final NSN ISXM913V2801 <GO>",UCAP US,UCAP US Equity,United Capital Corp,#N/A,11/28/2005,1/10/2006,11/25/05,1/3/06,1/11/06,20050826,20051125,42,,$23.50,$24.50,1.0,1.0,$23.5,$24.5,X,,,#N/A,#N/A,#N/A,#N/A,,0.5,0.5,$24.50,#N/A,0.5,$13.3,100.0%,100.0%,#N/A,,#N/A,#N/A,#N/A,#N/A,#N/A,,#N/A,#N/A,#N/A,#N/A,,,,#N/A,#N/A,#N/A,#N/A,0.0,#N/A,#N/A,#N/A,#N/A,#N/A,#N/A,2.4%,#NAME?,#N/A,#N/A,,#N/A,#N/A,#N/A,2.40%,#N/A,#N/A,,#N/A,,#N/A,#N/A,#N/A,#N/A,2.40%,,#N/A,,,
,"Announce NSN IRVGJQ3T6SQP <GO>, Commence  NSN ISBYW33T6SQP <GO>, Ammend NSN ITOCNP3T6SQP <GO>, Prelim  NSN IU2D2H3T6SQP <GO>, Final NSN IUE8LN3TCF0H <GO>",CPIC US,CPIC US Equity,CPI Corp,#N/A,12/22/2005,2/1/2006,12/21/05,1/25/06,2/2/06,20050921,20051221,39,,$17.00,$20.00,1.5,1.5,$25.5,$30.0,X,1.7,,#N/A,#N/A,#N/A,#N/A,,1.7,2.3,$19.50,#N/A,1.7,$32.3,97.0%,87.7%,#N/A,,#N/A,#N/A,#N/A,#N/A,#N/A,,#N/A,#N/A,#N/A,#N/A,,,,#N/A,#N/A,#N/A,#N/A,0.2,#N/A,#N/A,#N/A,#N/A,#N/A,#N/A,12.1%,#NAME?,#N/A,#N/A,,#N/A,#N/A,#N/A,12.11%,#N/A,#N/A,,#N/A,,#N/A,#N/A,#N/A,#N/A,12.11%,,#N/A,,,
,"Announce  NSN ITPX3H3T6SQP <GO>, Commence  NSN IUFI3O3TCF0H <GO>, Ammend NSN IVXSD83T6SQP <GO>, Current Count  NSN IW39RZ3T6SQP <GO>, Prelim NSN IWFIX83T6SQP <GO>, Final NSN IWL6543T6SQP <GO>",8277831Q US,8277831Q US Equity,Affiliated Computer Services Inc,#N/A,1/27/2006,3/17/2006,1/26/06,3/10/06,3/20/06,20051027,20060126,50,,$56.00,$63.00,55.5,55.5,"$3,108.0","$3,496.5",X,,,#N/A,#N/A,#N/A,#N/A,,7.4,7.4,$63.00,#N/A,7.4,$464.0,100.0%,100.0%,#N/A,,#N/A,#N/A,#N/A,#N/A,#N/A,,#N/A,#N/A,#N/A,#N/A,,,,#N/A,#N/A,#N/A,#N/A,9.6,#N/A,#N/A,#N/A,#N/A,#N/A,#N/A,17.3%,#NAME?,#N/A,#N/A,,#N/A,#N/A,#N/A,17.32%,#N/A,#N/A,,#N/A,,#N/A,#N/A,#N/A,#N/A,17.32%,,#N/A,,,
,"Announce  NSN IUBN9P3V2801 <GO>, Commence  NSN IUOJUP3V2801 <GO>, Ammend NSN IW4GDD3V7U9V <GO>, Prelim NSN IXAW5D3V2801 <GO>, NSN IXMPFD3V2802 <GO>, Final revised NSN IXZM5D3V2803 <GO>",CV US,CV US Equity,Central Vermont Public Service Corp,#N/A,2/7/2006,4/5/2006,2/6/06,3/29/06,4/6/06,20051107,20060206,58,,$20.50,$22.50,2.3,2.3,$46.1,$50.6,X,,,#N/A,#N/A,#N/A,#N/A,,2.4,2.4,$22.50,#N/A,2.2,$50.6,94.6%,94.6%,#N/A,,#N/A,#N/A,#N/A,#N/A,#N/A,,#N/A,#N/A,#N/A,#N/A,,,,#N/A,#N/A,#N/A,#N/A,0.1,#N/A,#N/A,#N/A,#N/A,#N/A,#N/A,2.8%,#NAME?,#N/A,#N/A,,#N/A,#N/A,#N/A,2.77%,#N/A,#N/A,,#N/A,,#N/A,#N/A,#N/A,#N/A,2.77%,,#N/A,,,
,"Announce NSN IVU1MZ3T6SQP <GO>}, Prelim NSN IXCQYH3PWT1E <GO>, Final NSN IXM0GW3TCF0H <GO>",BCO US,BCO US Equity,Brink's Co/The,#N/A,11/15/2005,4/6/2006,11/14/05,3/30/06,4/7/06,20050815,20051114,141,,$47.50,$52.50,10.0,10.0,$475.0,$525.0,X,10.4,,#N/A,#N/A,#N/A,#N/A,,10.4,N/A,$51.20,#N/A,10.4,$530.2,100.0%,96.6%,#N/A,,#N/A,#N/A,#N/A,#N/A,#N/A,,#N/A,#N/A,#N/A,#N/A,,,,#N/A,#N/A,#N/A,#N/A,12.4,#N/A,#N/A,#N/A,#N/A,#N/A,#N/A,123.6%,#NAME?,#N/A,#N/A,,#N/A,#N/A,#N/A,123.56%,#N/A,#N/A,,#N/A,,#N/A,#N/A,#N/A,#N/A,123.56%,,#N/A,,,
,"Announce  NSN IW9V353PWT1E <GO>, Commence  NSN IWZS223V2801 <GO>, Prelim  NSN IYFQW33V7U9V <GO>, Final NSN IYQUNP3V2803 <GO>",CBRL US,CBRL US Equity,Cracker Barrel Old Country Store Inc,#N/A,3/17/2006,4/27/2006,3/16/06,4/20/06,4/28/06,20051215,20060316,40,,$42.00,$46.00,16.8,16.8,$703.5,$770.5,X,,,#N/A,#N/A,#N/A,#N/A,,23.5,N/A,$42.00,#N/A,16.8,$703.5,71.3%,71.3%,#N/A,,#N/A,#N/A,#N/A,#N/A,#N/A,,#N/A,#N/A,#N/A,#N/A,,,,#N/A,#N/A,#N/A,#N/A,20.1,#N/A,#N/A,#N/A,#N/A,#N/A,#N/A,119.9%,#NAME?,#N/A,#N/A,,#N/A,#N/A,#N/A,119.92%,#N/A,#N/A,,#N/A,,#N/A,#N/A,#N/A,#N/A,119.92%,,#N/A,,,
,"Commence NSN IWMX8D3V2801 <GO>, Ammend NSN IY8CJV3PWT1D <GO>, Prelim NSN IYQQV13V2801 <GO>, Final NSN IZ0NRD3V2801 <GO>",CAC US,CAC US Equity,Camden National Corp,#N/A,3/24/2006,5/3/2006,3/23/06,4/26/06,5/4/06,20051222,20060323,39,,$36.50,$40.25,0.8,0.8,$27.4,$30.3,X,0.9,,#N/A,#N/A,#N/A,#N/A,,0.9,1.3,$39.00,#N/A,0.9,$34.6,100.0%,84.7%,#N/A,,#N/A,#N/A,#N/A,#N/A,#N/A,,#N/A,#N/A,#N/A,#N/A,,,,#N/A,#N/A,#N/A,#N/A,0.4,#N/A,#N/A,#N/A,#N/A,#N/A,#N/A,53.3%,#NAME?,#N/A,#N/A,,#N/A,#N/A,#N/A,53.31%,#N/A,#N/A,,#N/A,,#N/A,#N/A,#N/A,#N/A,53.31%,,#N/A,,,
,"Announce  NSN IX7D6E3PWT1D <GO>, Ammend  NSN IYRI4L3TCF0H <GO>, Prelim  NSN IZIETJ3PWT1D <GO>, Final  NSN IZUAZD3T6SQP <GO>, ",GIW US,GIW US Equity,Wilber Corp,#N/A,4/4/2006,5/18/2006,4/3/06,5/11/06,5/19/06,20060102,20060403,44,,$9.90,$11.40,0.7,0.7,$6.4,$7.4,X,,,#N/A,#N/A,#N/A,#N/A,,0.5,0.5,$11.40,#N/A,0.5,$6.1,100.0%,100.0%,#N/A,,#N/A,#N/A,#N/A,#N/A,#N/A,,#N/A,#N/A,#N/A,#N/A,,,,#N/A,#N/A,#N/A,#N/A,0.0,#N/A,#N/A,#N/A,#N/A,#N/A,#N/A,-1.7%,#NAME?,#N/A,#N/A,,#N/A,#N/A,#N/A,-1.74%,#N/A,#N/A,,#N/A,,#N/A,#N/A,#N/A,#N/A,-1.74%,,#N/A,,,
,"Announce NSN IYE4DD3V7U9T <GO>, Final NSN J02XJD3V2802 <GO>",SYMSQ US,SYMSQ US Equity,Syms Corp,#N/A,4/27/2006,5/26/2006,4/26/06,5/19/06,5/30/06,20060125,20060426,29,,$16.00,$18.00,3.4,3.4,$53.6,$60.3,X,,,#N/A,#N/A,#N/A,#N/A,,0.4,0.4,$18.00,#N/A,0.4,$7.9,100.0%,100.0%,#N/A,,#N/A,#N/A,#N/A,#N/A,#N/A,,#N/A,#N/A,#N/A,#N/A,,,,#N/A,#N/A,#N/A,#N/A,0.4,#N/A,#N/A,#N/A,#N/A,#N/A,#N/A,13.1%,#NAME?,#N/A,#N/A,,#N/A,#N/A,#N/A,13.15%,#N/A,#N/A,,#N/A,,#N/A,#N/A,#N/A,#N/A,13.15%,,#N/A,,,
,"Class A stock: Announce NSN IZ1QLP3V2803 <GO>, Commence NSN IZEW4D3V2801 <GO>, Prelim  NSN J0WKCD3V7U9U <GO>, Final NSN J1BDED3V7U9T <GO>",CMLS US,CMLS US Equity,Cumulus Media Inc,#N/A,5/10/2006,6/14/2006,5/9/06,6/7/06,6/15/06,20060207,20060509,34,,$11.00,$12.50,11.5,11.5,$126.5,$143.8,X,,,#N/A,#N/A,#N/A,#N/A,,15.3,N/A,$11.50,#N/A,11.5,$132.3,74.9%,74.9%,#N/A,,#N/A,#N/A,#N/A,#N/A,#N/A,,#N/A,#N/A,#N/A,#N/A,,,,#N/A,#N/A,#N/A,#N/A,5.6,#N/A,#N/A,#N/A,#N/A,#N/A,#N/A,48.8%,#NAME?,#N/A,#N/A,,#N/A,#N/A,#N/A,48.77%,#N/A,#N/A,,#N/A,,#N/A,#N/A,#N/A,#N/A,48.77%,,#N/A,,,
,"Announce  NSN J201X13V7U9T <GO>, Commence NSN J26QM23V2808 <GO> Prelim  NSN J3OHC63V2809 <GO>, Final NSN J3UNK13V7U9U <GO>",LI US,LI US Equity,Laidlaw International Inc,#N/A,7/7/2006,8/7/2006,7/6/06,7/31/06,8/8/06,20060406,20060706,30,,$25.50,$28.50,15.0,15.0,$382.5,$427.5,X,15.6,,#N/A,#N/A,#N/A,#N/A,,15.6,N/A,$26.90,#N/A,15.6,$418.5,100.0%,96.4%,#N/A,,#N/A,#N/A,#N/A,#N/A,#N/A,,#N/A,#N/A,#N/A,#N/A,,,,#N/A,#N/A,#N/A,#N/A,7.4,#N/A,#N/A,#N/A,#N/A,#N/A,#N/A,49.3%,#NAME?,#N/A,#N/A,,#N/A,#N/A,#N/A,49.34%,#N/A,#N/A,,#N/A,,#N/A,#N/A,#N/A,#N/A,49.34%,,#N/A,,,
,"Announce  NSN J28MOP3T6SQQ <GO>, Prelim  NSN J4EG8P3T6SQP <GO>, Final  NSN J4S0X43T6SQP <GO>",MIR US,MIR US Equity,Mirant Corp,#N/A,7/11/2006,8/21/2006,7/10/06,8/14/06,8/22/06,20060410,20060710,40,,$25.75,$29.00,43.0,43.0,"$1,107.3","$1,247.0",X,,,#N/A,#N/A,#N/A,#N/A,,50.2,N/A,$28.50,#N/A,43.0,"$1,225.5",85.6%,85.6%,#N/A,,#N/A,#N/A,#N/A,#N/A,#N/A,,#N/A,#N/A,#N/A,#N/A,,,,#N/A,#N/A,#N/A,#N/A,7.9,#N/A,#N/A,#N/A,#N/A,#N/A,#N/A,18.3%,#NAME?,#N/A,#N/A,,#N/A,#N/A,#N/A,18.28%,#N/A,#N/A,,#N/A,,#N/A,#N/A,#N/A,#N/A,18.28%,,#N/A,,,
,"Announce  NSN J2PXLL3T6SQP <GO>, Prelim NSN J472SA3T6SQP <GO>, Final  NSN J4I6SL3T6SQP <GO>",MSFT US,MSFT US Equity,Microsoft Corp,#N/A,7/21/2006,8/17/2006,7/20/06,8/10/06,8/18/06,20060420,20060720,26,,$22.50,$24.75,808.1,808.1,"$18,181.8","$20,000.0",X,,,#N/A,#N/A,#N/A,#N/A,,154.5,154.5,$24.75,#N/A,154.5,"$3,824.3",100.0%,100.0%,#N/A,,#N/A,#N/A,#N/A,#N/A,#N/A,,#N/A,#N/A,#N/A,#N/A,,,,#N/A,#N/A,#N/A,#N/A,-573.4,#N/A,#N/A,#N/A,#N/A,#N/A,#N/A,-71.0%,#NAME?,#N/A,#N/A,,#N/A,#N/A,#N/A,-70.96%,#N/A,#N/A,,#N/A,,#N/A,#N/A,#N/A,#N/A,-70.96%,,#N/A,,,
,"NSN J17IK33V2805 <GO>, Announce NSN J3MO253V2803 <GO>, Prelim NSN J5L2TT3V2805 <GO>, Final  NSN J5T4YV3V2801 <GO>, ",ACXM US,ACXM US Equity,Acxiom Corp,#N/A,7/21/2006,9/12/2006,7/20/06,9/5/06,9/13/06,20060420,20060720,51,,$25.00,$27.00,11.1,11.1,$277.8,$300.0,X,,,#N/A,#N/A,#N/A,#N/A,,15.1,33.4,$25.00,#N/A,11.1,$277.8,73.8%,73.8%,#N/A,,#N/A,#N/A,#N/A,#N/A,#N/A,,#N/A,#N/A,#N/A,#N/A,,,,#N/A,#N/A,#N/A,#N/A,3.2,#N/A,#N/A,#N/A,#N/A,#N/A,#N/A,28.8%,#NAME?,#N/A,#N/A,,#N/A,#N/A,#N/A,28.85%,#N/A,#N/A,,#N/A,,#N/A,#N/A,#N/A,#N/A,28.85%,,#N/A,,,
,"Announce  NSN J3UOVN3TCF0H <GO>, Commence  NSN J41EMC3T6SQP <GO>, Ammend  NSN J65CN83T6SQP <GO>, Prelim  NSN J6V9Z93T6SQP <GO>, Final NSN J72ON83T6SQP <GO>, ",SONC US,SONC US Equity,Sonic Corp,#N/A,8/14/2006,10/6/2006,8/11/06,9/29/06,10/9/06,20060512,20060811,52,,$19.50,$23.00,24.3,24.3,$474.8,$560.0,X,,,#N/A,#N/A,#N/A,#N/A,,15.9,15.9,$23.00,#N/A,15.9,$366.1,100.0%,100.0%,#N/A,,#N/A,#N/A,#N/A,#N/A,#N/A,,#N/A,#N/A,#N/A,#N/A,,,,#N/A,#N/A,#N/A,#N/A,4.0,#N/A,#N/A,#N/A,#N/A,#N/A,#N/A,16.3%,#NAME?,#N/A,#N/A,,#N/A,#N/A,#N/A,16.28%,#N/A,#N/A,,#N/A,,#N/A,#N/A,#N/A,#N/A,16.28%,,#N/A,,,
,"Commence NSN J3ZIK33V2802 <GO>, Prelim NSN J5HPO43V2801 <GO>, Final  NSN J5T2A73V2803 <GO>, ",SVNT US,SVNT US Equity,Savient Pharmaceuticals Inc,#N/A,8/9/2006,9/11/2006,8/8/06,9/1/06,9/12/06,20060509,20060808,32,,$5.80,$6.80,10.0,10.0,$58.0,$68.0,X,,,#N/A,#N/A,#N/A,#N/A,,12.5,12.5,$6.80,#N/A,10.0,$68.0,80.0%,80.0%,#N/A,,#N/A,#N/A,#N/A,#N/A,#N/A,,#N/A,#N/A,#N/A,#N/A,,,,#N/A,#N/A,#N/A,#N/A,6.8,#N/A,#N/A,#N/A,#N/A,#N/A,#N/A,68.4%,#NAME?,#N/A,#N/A,,#N/A,#N/A,#N/A,68.41%,#N/A,#N/A,,#N/A,,#N/A,#N/A,#N/A,#N/A,68.41%,,#N/A,,,
,"Commence  NSN J42AYB3T6SQP <GO>}, Prelim  NSN J5L2S73T6SQP <GO>, Final NSN J5UYGD3T6SQP <GO>",IP US,IP US Equity,International Paper Co,#N/A,8/15/2006,9/13/2006,8/14/06,9/6/06,9/14/06,20060515,20060814,28,,$32.50,$36.00,41.7,41.7,"$1,354.2","$1,500.0",X,,,#N/A,#N/A,#N/A,#N/A,,38.5,38.5,$36.00,#N/A,38.5,"$1,384.7",100.0%,100.0%,#N/A,,#N/A,#N/A,#N/A,#N/A,#N/A,,#N/A,#N/A,#N/A,#N/A,,,,#N/A,#N/A,#N/A,#N/A,-11.2,#N/A,#N/A,#N/A,#N/A,#N/A,#N/A,-26.9%,#NAME?,#N/A,#N/A,,#N/A,#N/A,#N/A,-26.86%,#N/A,#N/A,,#N/A,,#N/A,#N/A,#N/A,#N/A,-26.86%,,#N/A,,,
,"Announce NSN J472BD3V7U9T <GO>, Commence  NSN J4K0AD3V2801 <GO>, Final  NSN J65BYC3V2805 <GO>",ALSC US,ALSC US Equity,Alliance Semiconductor Corp,#N/A,8/18/2006,9/22/2006,8/17/06,9/15/06,9/25/06,20060518,20060817,34,,$2.75,$3.00,10.9,10.9,$30.0,$32.7,X,,,#N/A,#N/A,#N/A,#N/A,,3.0,3.0,$3.00,#N/A,3.0,$8.9,100.0%,100.0%,#N/A,,#N/A,#N/A,#N/A,#N/A,#N/A,,#N/A,#N/A,#N/A,#N/A,,,,#N/A,#N/A,#N/A,#N/A,1.0,#N/A,#N/A,#N/A,#N/A,#N/A,#N/A,9.3%,#NAME?,#N/A,#N/A,,#N/A,#N/A,#N/A,9.34%,#N/A,#N/A,,#N/A,,#N/A,#N/A,#N/A,#N/A,9.34%,,#N/A,,,
,"Commence NSN J4PIOL3T6SQR <GO>, final  NSN J6PT5P3T6SQP <GO>",3362726Q US,3362726Q US Equity,Realogy Corp,#N/A,8/24/2006,9/26/2006,8/23/06,9/19/06,9/27/06,20060724,20060823,32,,$20.00,$23.00,32.0,32.0,$640.0,$736.0,X,37.0,,#N/A,#N/A,#N/A,#N/A,,37.3,37.3,$23.00,#N/A,37.0,$851.0,99.2%,85.8%,#N/A,,#N/A,#N/A,#N/A,#N/A,#N/A,,#N/A,#N/A,#N/A,#N/A,,,,#N/A,#N/A,#N/A,#N/A,4.1,34.00,#N/A,#N/A,#N/A,#N/A,#N/A,12.7%,#NAME?,#N/A,#N/A,,#N/A,#N/A,#N/A,12.71%,#N/A,#N/A,,#N/A,,#N/A,#N/A,#N/A,#N/A,12.71%,,#N/A,,,
,"Commence NSN J4Q66B3PWT1D <GO>, Prelim NSN J69P3Q3PWT1D <GO>, Final  NSN J6KJMY3PWT1F <GO>",CACC US,CACC US Equity,Credit Acceptance Corp,#N/A,8/29/2006,9/26/2006,8/28/06,9/19/06,9/27/06,20060529,20060828,27,,$28.00,$31.50,3.5,3.5,$98.0,$110.3,X,,,#N/A,#N/A,#N/A,#N/A,,22.6,22.6,$31.50,#N/A,3.5,$110.3,15.5%,15.5%,#N/A,,#N/A,#N/A,#N/A,#N/A,#N/A,,#N/A,#N/A,#N/A,#N/A,,,,#N/A,#N/A,#N/A,#N/A,-0.7,#N/A,#N/A,#N/A,#N/A,#N/A,#N/A,-21.2%,#NAME?,#N/A,#N/A,,#N/A,#N/A,#N/A,-21.17%,#N/A,#N/A,,#N/A,,#N/A,#N/A,#N/A,#N/A,-21.17%,,#N/A,,,
,"Announce NSN J56WVV3TCF0H <GO>, Commence  NSN J5AJ7Z3TCF0H <GO>, Prelim NSN J6PTE43T6SQP <GO>, Final NSN J70W293T6SQQ <GO>",LAWS US,LAWS US Equity,Lawson Products Inc/DE,#N/A,9/7/2006,10/5/2006,9/6/06,9/28/06,10/6/06,20060607,20060906,28,,$37.50,$43.00,1.0,1.0,$37.5,$43.0,X,,,#N/A,#N/A,#N/A,#N/A,,0.5,0.5,$43.00,#N/A,0.5,$20.9,100.0%,100.0%,#N/A,,#N/A,#N/A,#N/A,#N/A,#N/A,,#N/A,#N/A,#N/A,#N/A,,,,#N/A,#N/A,#N/A,#N/A,0.3,#N/A,#N/A,#N/A,#N/A,#N/A,#N/A,29.4%,#NAME?,#N/A,#N/A,,#N/A,#N/A,#N/A,29.43%,#N/A,#N/A,,#N/A,,#N/A,#N/A,#N/A,#N/A,29.43%,,#N/A,,,
,"Annopunce  NSN J4QG063T6SQP <GO>, Commence NSN J4TFSD3PR6RL <GO>,  Ammend  NSN J67X073T6SQP <GO>, Prelim NSN J70XG83T6SQP <GO>, Final  NSN J7A6S83T6SQP <GO>",EAT US,EAT US Equity,Brinker International Inc,#N/A,8/29/2006,10/11/2006,8/28/06,10/4/06,10/12/06,20060529,20060828,42,,$35.25,$40.00,11.3,11.3,$396.6,$450.0,X,,,#N/A,#N/A,#N/A,#N/A,,1.3,1.3,$40.00,#N/A,1.3,$50.4,100.0%,100.0%,#N/A,,#N/A,#N/A,#N/A,#N/A,#N/A,,#N/A,#N/A,#N/A,#N/A,,,,#N/A,#N/A,#N/A,#N/A,5.6,#N/A,#N/A,#N/A,#N/A,#N/A,#N/A,49.4%,#NAME?,#N/A,#N/A,,#N/A,#N/A,#N/A,49.44%,#N/A,#N/A,,#N/A,,#N/A,#N/A,#N/A,#N/A,49.44%,,#N/A,,,
,"Announce NSN J7AV313V2801 <GO>, Commence NSN J7BVZ63PWT1D <GO>, Prelim NSN J8VTOP3V2802 <GO>, Final  NSN J94X7L3PWT1F <GO>, ",3022239Q US,3022239Q US Equity,Wendy's International Inc,#N/A,10/12/2006,11/16/2006,10/11/06,11/9/06,11/17/06,20060712,20061011,34,,$33.00,$36.00,22.2,22.2,$733.3,$800.0,X,22.4,,#N/A,#N/A,#N/A,#N/A,,22.4,27.9,$35.75,#N/A,22.4,$801.3,100.0%,99.1%,#N/A,,#N/A,#N/A,#N/A,#N/A,#N/A,,#N/A,#N/A,#N/A,#N/A,,,,#N/A,#N/A,#N/A,#N/A,15.7,#N/A,#N/A,#N/A,#N/A,#N/A,#N/A,70.5%,#NAME?,#N/A,#N/A,,#N/A,#N/A,#N/A,70.47%,#N/A,#N/A,,#N/A,,#N/A,#N/A,#N/A,#N/A,70.47%,,#N/A,,,
,"Announce  NSN J7L9S73PWT1E <GO>, Prelim  NSN JAH2WB3T6SQP <GO>, Final  NSN JANK3H3T6SQP <GO>",SONE US,SONE US Equity,S1 Corp,#N/A,10/23/2006,12/14/2006,10/20/06,12/7/06,12/15/06,20060721,20061020,51,,$4.75,$5.25,10.5,11.6,$55.0,$55.0,,,,#N/A,#N/A,#N/A,#N/A,,14.0,14.0,$5.25,#N/A,10.5,$55.0,74.7%,74.7%,#N/A,,#N/A,#N/A,#N/A,#N/A,#N/A,,#N/A,#N/A,#N/A,#N/A,,,,#N/A,#N/A,#N/A,#N/A,23.5,#N/A,#N/A,#N/A,#N/A,#N/A,#N/A,213.5%,#NAME?,#N/A,#N/A,,#N/A,#N/A,#N/A,213.45%,#N/A,#N/A,,#N/A,,#N/A,#N/A,#N/A,#N/A,213.45%,,#N/A,,,
,"Commence  NSN J92WX13V2802 <GO>, Prelim  NSN JAKEC13V2803 <GO>, Final  NSN JAN9KP3V2801 <GO>",JACK US,JACK US Equity,Jack in the Box Inc,#N/A,11/21/2006,12/19/2006,11/20/06,12/12/06,12/20/06,20060821,20061120,28,,$55.00,$61.00,5.5,5.5,$302.5,$335.5,X,,,#N/A,#N/A,#N/A,#N/A,,2.3,2.3,$61.00,#N/A,2.3,$142.5,100.0%,100.0%,#N/A,,#N/A,#N/A,#N/A,#N/A,#N/A,,#N/A,#N/A,#N/A,#N/A,,,,#N/A,#N/A,#N/A,#N/A,4.7,#N/A,#N/A,#N/A,#N/A,#N/A,#N/A,85.7%,#NAME?,#N/A,#N/A,,#N/A,#N/A,#N/A,85.73%,#N/A,#N/A,,#N/A,,#N/A,#N/A,#N/A,#N/A,85.73%,,#N/A,,,
158,"Announce  NSN J9VEKD3V7U9U <GO>, Commence  NSN JA7O033V2804 <GO>, Prelim NSN JBRC623V7U9W <GO>, Final  NSN JC2O313V2801 <GO>",CBRL US,CBRL US Equity,Cracker Barrel Old Country Store Inc,#N/A,12/7/2006,1/11/2007,12/6/06,1/4/07,1/12/07,20060906,20061206,34,,$42.00,$46.00,5.4,5.4,$228.1,$249.8,X,,,#N/A,#N/A,#N/A,#N/A,,6.1,6.1,$46.00,#N/A,5.4,$250.0,89.7%,89.7%,#N/A,,#N/A,#N/A,#N/A,#N/A,#N/A,,#N/A,#N/A,#N/A,#N/A,,,,#N/A,#N/A,#N/A,#N/A,2.8,#N/A,#N/A,#N/A,#N/A,#N/A,#N/A,52.2%,#NAME?,#N/A,#N/A,,#N/A,#N/A,#N/A,52.24%,#N/A,#N/A,,#N/A,,#N/A,#N/A,#N/A,#N/A,52.24%,,#N/A,,,
159,"Announce NSN J9YWLI3T6SQP <GO>, Prelim  NSN JBPHI83T6SQP <GO>, Final  NSN JC4AUD3T6SQP <GO>",EXPE US,EXPE US Equity,Expedia Inc,#N/A,12/8/2006,1/10/2007,12/7/06,1/3/07,1/11/07,20060907,20061207,32,,$18.50,$22.00,30.0,30.0,$555.0,$660.0,X,,,#N/A,#N/A,#N/A,#N/A,,35.0,35.0,$22.00,#N/A,30.0,$660.0,85.6%,85.6%,#N/A,,#N/A,#N/A,#N/A,#N/A,#N/A,,#N/A,#N/A,#N/A,#N/A,,,,#N/A,#N/A,#N/A,#N/A,22.8,#N/A,#N/A,#N/A,#N/A,#N/A,#N/A,76.1%,#NAME?,#N/A,#N/A,,#N/A,#N/A,#N/A,76.12%,#N/A,#N/A,,#N/A,,#N/A,#N/A,#N/A,#N/A,76.12%,,#N/A,,,
160," Announce NSN JA5ZNA3T6SQP <GO>,Commence NSN JBNHA53T6SQQ <GO>,Ammend NSN JD43173T6SQR <GO>, prelim NSN JDIF7E3T6SQP <GO>,  Final NSN JDTHDM3T6SQP <GO>",SMG US,SMG US Equity,Scotts Miracle-Gro Co/The,#N/A,12/12/2006,2/14/2007,12/11/06,2/7/07,2/15/07,20060911,20061211,62,,$48.50,$55.50,4.5,4.5,$218.3,$249.8,X,,,#N/A,#N/A,#N/A,#N/A,,4.8,N/A,$54.50,#N/A,4.5,$245.3,93.5%,93.5%,#N/A,,#N/A,#N/A,#N/A,#N/A,#N/A,,#N/A,#N/A,#N/A,#N/A,,,,#N/A,#N/A,#N/A,#N/A,3.0,#N/A,#N/A,#N/A,#N/A,#N/A,#N/A,66.3%,#NAME?,#N/A,#N/A,,#N/A,#N/A,#N/A,66.34%,#N/A,#N/A,,#N/A,,#N/A,#N/A,#N/A,#N/A,66.34%,,#N/A,,,
161,"Commence NSN JAH2KV3T6SQP <GO>, Prelim  NSN JC4BJ63T6SQP <GO>, Final NSN JCH9T43T6SQP <GO>",WTW US,WTW US Equity,Weight Watchers International Inc,#N/A,12/18/2006,1/18/2007,12/15/06,1/10/07,1/19/07,20060915,20061215,30,,$47.00,$54.00,8.3,8.3,$390.1,$448.2,X,8.5,,#N/A,#N/A,#N/A,#N/A,,8.7,8.7,$54.00,#N/A,8.5,$461.6,98.4%,95.6%,#N/A,,#N/A,#N/A,#N/A,#N/A,#N/A,,#N/A,#N/A,#N/A,#N/A,,,,#N/A,#N/A,#N/A,#N/A,6.3,#N/A,#N/A,#N/A,#N/A,#N/A,#N/A,75.6%,#NAME?,#N/A,#N/A,,#N/A,#N/A,#N/A,75.56%,#N/A,#N/A,,#N/A,,#N/A,#N/A,#N/A,#N/A,75.56%,,#N/A,,,
165,"Announce  NSN JCFC3B3T6SQP <GO>, Prelim NSN JE86SB3T6SQP <GO>, Final  NSN JEJGE93T6SQP <GO>",NCC US,NCC US Equity,National City Corp,#N/A,1/25/2007,2/28/2007,1/24/07,2/21/07,3/1/07,20061025,20070124,33,,$35.00,$38.75,75.0,75.0,"$2,625.0","$2,906.3",X,,,#N/A,#N/A,#N/A,#N/A,,40.3,40.3,$38.75,#N/A,40.3,"$1,562.6",100.0%,100.0%,#N/A,,#N/A,#N/A,#N/A,#N/A,#N/A,,#N/A,#N/A,#N/A,#N/A,,,,#N/A,#N/A,#N/A,#N/A,26.6,#N/A,#N/A,#N/A,#N/A,#N/A,#N/A,35.5%,#NAME?,#N/A,#N/A,,#N/A,#N/A,#N/A,35.50%,#N/A,#N/A,,#N/A,,#N/A,#N/A,#N/A,#N/A,35.50%,,#N/A,,,
167,"Announce  NSN JD3EQ73T6SQQ,  NSN KTDP256J1P6W <GO>, <GO>, Final NSN JESHCY3T6SQQ <GO>",DPZ US,DPZ US Equity,Domino's Pizza Inc,#N/A,2/7/2007,3/9/2007,2/6/07,3/2/07,3/12/07,20061107,20070206,32,,$27.50,$30.00,13.9,13.9,$380.9,$415.5,X,,,#N/A,#N/A,#N/A,#N/A,,0.0,0.0,$30.00,#N/A,0.0,$0.1,100.0%,100.0%,#N/A,,#N/A,#N/A,#N/A,#N/A,#N/A,,#N/A,#N/A,#N/A,#N/A,,,,#N/A,#N/A,#N/A,#N/A,6.2,#N/A,#N/A,#N/A,#N/A,#N/A,#N/A,44.6%,#NAME?,#N/A,#N/A,,#N/A,#N/A,#N/A,44.60%,#N/A,#N/A,,#N/A,,#N/A,#N/A,#N/A,#N/A,44.60%,,#N/A,,,
168,"Announce  NSN JEG8L51A74E9 <GO>, Prelim NSN JFZ5YD3V2801 <GO>,Final  NSN JG3CU13V2801 <GO>",CE US,CE US Equity,Celanese Corp,#N/A,3/5/2007,4/3/2007,3/2/07,3/27/07,4/4/07,20061201,20070302,28,,$28.00,$30.50,11.3,12.3,$344.0,$344.0,,,,#N/A,#N/A,#N/A,#N/A,,2.0,2.0,$30.50,#N/A,2.0,$61.7,100.0%,100.0%,#N/A,,#N/A,#N/A,#N/A,#N/A,#N/A,,#N/A,#N/A,#N/A,#N/A,,,,#N/A,#N/A,#N/A,#N/A,-5.5,#N/A,#N/A,#N/A,#N/A,#N/A,#N/A,-46.6%,#NAME?,#N/A,#N/A,,#N/A,#N/A,#N/A,-46.60%,#N/A,#N/A,,#N/A,,#N/A,#N/A,#N/A,#N/A,-46.60%,,#N/A,,,
170,"Announce  NSN JESJ7B3T6SQP <GO>, Final NSN JGSRF63T6SQQ <GO>",SONE US,SONE US Equity,S1 Corp,#N/A,3/12/2007,4/19/2007,3/9/07,4/12/07,4/20/07,20061208,20070309,37,,$5.25,$5.75,9.6,10.5,$55.0,$55.0,,,,#N/A,#N/A,#N/A,#N/A,,0.0,0.0,$5.75,#N/A,0.0,$0.1,100.0%,100.0%,#N/A,,#N/A,#N/A,#N/A,#N/A,#N/A,,#N/A,#N/A,#N/A,#N/A,,,,#N/A,#N/A,#N/A,#N/A,4.5,#N/A,#N/A,#N/A,#N/A,#N/A,#N/A,45.2%,#NAME?,#N/A,#N/A,,#N/A,#N/A,#N/A,45.24%,#N/A,#N/A,,#N/A,,#N/A,#N/A,#N/A,#N/A,45.24%,,#N/A,,,
174,"Announce NSN JH0SWE3T6SQP <GO>,Commence  NSN JHRW083TCF0I <GO>, Ammend   NSN JIZ6HK3T6SQP <GO><GO>,  Final NSN JJTZ5F3T6SQP <GO>",AACC US,AACC US Equity,Asset Acceptance Capital Corp,#N/A,4/25/2007,6/12/2007,4/24/07,6/5/07,6/13/07,20070123,20070424,47,,$18.25,$20.00,1.9,1.9,$33.9,$37.2,X,2.0,,#N/A,#N/A,#N/A,#N/A,,2.3,N/A,$18.75,#N/A,2.0,$37.2,86.5%,81.0%,#N/A,,#N/A,#N/A,#N/A,#N/A,#N/A,,#N/A,#N/A,#N/A,#N/A,,,,#N/A,#N/A,#N/A,#N/A,4.7,#N/A,#N/A,#N/A,#N/A,#N/A,#N/A,251.0%,#NAME?,#N/A,#N/A,,#N/A,#N/A,#N/A,250.95%,#N/A,#N/A,,#N/A,,#N/A,#N/A,#N/A,#N/A,250.95%,,#N/A,,,
176,"Commence NSN JHRQG13V2804 <GO>, Prelim NSN JJBHMD3V2801 <GO>, Final NSN JJKQYD3V2801 <GO>",NCI US,NCI US Equity,Navigant Consulting Inc,#N/A,4/27/2007,6/7/2007,4/26/07,5/31/07,6/8/07,20070125,20070426,40,,$19.50,$22.50,10.5,10.5,$204.8,$236.3,X,10.6,,#N/A,#N/A,#N/A,#N/A,,10.6,32.6,$20.50,#N/A,10.6,$217.8,100.0%,98.8%,#N/A,,#N/A,#N/A,#N/A,#N/A,#N/A,,#N/A,#N/A,#N/A,#N/A,,,,#N/A,#N/A,#N/A,#N/A,17.2,#N/A,#N/A,#N/A,#N/A,#N/A,#N/A,164.0%,#NAME?,#N/A,#N/A,,#N/A,#N/A,#N/A,163.98%,#N/A,#N/A,,#N/A,,#N/A,#N/A,#N/A,#N/A,163.98%,,#N/A,,,
177,"Announce NSN JHTNAD3V2801 <GO>, Prelim  NSN JJGYM23V2808 <GO>, Final NSN JJNHKD3V2801 <GO>",ENTG US,ENTG US Equity,Entegris Inc,#N/A,5/10/2007,6/8/2007,5/9/07,6/1/07,6/11/07,20070207,20070509,28,,$11.00,$12.25,20.4,20.4,$224.4,$249.9,X,21.1,,#N/A,#N/A,#N/A,#N/A,,21.1,35.7,$11.80,#N/A,21.1,$249.1,100.0%,96.6%,#N/A,,#N/A,#N/A,#N/A,#N/A,#N/A,,#N/A,#N/A,#N/A,#N/A,,,,#N/A,#N/A,#N/A,#N/A,31.1,#N/A,#N/A,#N/A,#N/A,#N/A,#N/A,152.6%,#NAME?,#N/A,#N/A,,#N/A,#N/A,#N/A,152.57%,#N/A,#N/A,,#N/A,,#N/A,#N/A,#N/A,#N/A,152.57%,,#N/A,,,
179,"Annonce NSN JITRNP3V2801 <GO>,  Prelim NSN JKAOFD3V2801 <GO> , Final  NSN JKJY9P3V2801 <GO>",BIIB US,BIIB US Equity,Biogen Idec Inc,#N/A,5/30/2007,6/26/2007,5/29/07,6/19/07,6/27/07,20070227,20070529,26,,$47.00,$53.00,57.0,57.0,"$2,679.0","$3,021.0",X,,,#N/A,#N/A,#N/A,#N/A,,56.4,56.4,$53.00,#N/A,56.4,"$2,990.5",100.0%,100.0%,#N/A,,#N/A,#N/A,#N/A,#N/A,#N/A,,#N/A,#N/A,#N/A,#N/A,,,,#N/A,#N/A,#N/A,#N/A,42.8,#N/A,#N/A,#N/A,#N/A,#N/A,#N/A,75.2%,#NAME?,#N/A,#N/A,,#N/A,#N/A,#N/A,75.17%,#N/A,#N/A,,#N/A,,#N/A,#N/A,#N/A,#N/A,75.17%,,#N/A,,,
181,"Announce  NSN JIWMOK3T6SQT <GO>, Prelim NSN JKEZAY3T6SQP <GO>, Final NSN JKPTQL3T6SQP <GO>",BRKS US,BRKS US Equity,Brooks Automation Inc,#N/A,5/31/2007,6/28/2007,5/30/07,6/21/07,6/29/07,20070228,20070530,28,,$16.50,$19.00,6.1,6.1,$100.0,$115.1,X,,,#N/A,#N/A,#N/A,#N/A,,7.4,N/A,$18.20,#N/A,6.1,$110.3,81.9%,81.9%,#N/A,,#N/A,#N/A,#N/A,#N/A,#N/A,,#N/A,#N/A,#N/A,#N/A,,,,#N/A,#N/A,#N/A,#N/A,7.2,#N/A,#N/A,#N/A,#N/A,#N/A,#N/A,118.5%,#NAME?,#N/A,#N/A,,#N/A,#N/A,#N/A,118.51%,#N/A,#N/A,,#N/A,,#N/A,#N/A,#N/A,#N/A,118.51%,,#N/A,,,
182,"Announce NSN JJ9YEM3T6SQP <GO>, Commence NSN JMRLJ83T6SQQ <GO>, Prelim  NSN JOJ4HJ3PWT1E <GO>, Final NSN JOXXTM3PWT1D <GO>",ISSI US,ISSI US Equity,Integrated Silicon Solution Inc,#N/A,8/14/2007,9/14/2007,8/13/07,9/7/07,9/17/07,20070514,20070813,30,,$5.70,$6.30,4.8,5.3,$30.0,$30.0,,,,#N/A,#N/A,#N/A,#N/A,,1.2,1.2,$6.30,#N/A,1.2,$7.4,100.0%,100.0%,#N/A,,#N/A,#N/A,#N/A,#N/A,#N/A,,#N/A,#N/A,#N/A,#N/A,,,,#N/A,#N/A,#N/A,#N/A,-0.4,#N/A,#N/A,#N/A,#N/A,#N/A,#N/A,-8.7%,#NAME?,#N/A,#N/A,,#N/A,#N/A,#N/A,-8.68%,#N/A,#N/A,,#N/A,,#N/A,#N/A,#N/A,#N/A,-8.68%,,#N/A,,,
184,"Announce NSN JIT0463V2805 <GO>,Commence  NSN JJBEM13V2806 <GO>, Prelim  NSN JL0H833V7U9Y <GO>, Final  NSN JL9QK43V2801 <GO>",MGAM US,MGAM US Equity,Multimedia Games Inc,#N/A,5/29/2007,7/10/2007,5/25/07,7/2/07,7/11/07,20070223,20070525,41,,$12.25,$13.50,1.9,2.0,$25.0,$25.0,,,,#N/A,#N/A,#N/A,#N/A,,2.3,N/A,$12.55,#N/A,2.0,$25.0,86.2%,86.2%,#N/A,,#N/A,#N/A,#N/A,#N/A,#N/A,,#N/A,#N/A,#N/A,#N/A,,,,#N/A,#N/A,#N/A,#N/A,-1.5,#N/A,#N/A,#N/A,#N/A,#N/A,#N/A,-77.0%,#NAME?,#N/A,#N/A,,#N/A,#N/A,#N/A,-77.04%,#N/A,#N/A,,#N/A,,#N/A,#N/A,#N/A,#N/A,-77.04%,,#N/A,,,
185,"Announce NSN JJL2463T6SQP <GO>, Commence NSN JNJ7NU3T6SQP <GO>,Prelim NSN JP90RD3T6SQP <GO>, Final NSN JPEHBF3T6SQP <GO>",DITC US ,DITC US  Equity,Ditech Networks Inc,#N/A,8/28/2007,9/28/2007,8/27/07,9/21/07,10/1/07,20070528,20070827,30,,$4.90,$5.50,9.1,9.1,$44.6,$50.1,X,,,#N/A,#N/A,#N/A,#N/A,,7.4,7.4,$5.50,#N/A,7.4,$40.8,100.0%,100.0%,#N/A,,#N/A,#N/A,#N/A,#N/A,#N/A,,#N/A,#N/A,#N/A,#N/A,,,,#N/A,#N/A,#N/A,#N/A,-2.0,#N/A,#N/A,#N/A,#N/A,#N/A,#N/A,-21.7%,#NAME?,#N/A,#N/A,,#N/A,#N/A,#N/A,-21.75%,#N/A,#N/A,,#N/A,,#N/A,#N/A,#N/A,#N/A,-21.75%,,#N/A,,,
186,"Announce NSN JKDW0A3T6SQS <GO>, Commence NSN JKYMKT3T6SQP <GO>, Prelim NSN JMGEP83T6SQQ <GO>, Final NSN JMPUY83T6SQP <GO>",D US,D US Equity,Dominion Resources Inc/VA,#N/A,6/29/2007,8/7/2007,6/28/07,7/31/07,8/8/07,20070329,20070628,38,,$82.00,$92.00,55.0,55.0,"$4,510.0","$5,060.0",X,57.8,,#N/A,#N/A,#N/A,#N/A,,57.8,N/A,$91.00,#N/A,57.8,"$5,255.4",100.0%,95.2%,#N/A,,#N/A,#N/A,#N/A,#N/A,#N/A,,#N/A,#N/A,#N/A,#N/A,,,,#N/A,#N/A,#N/A,#N/A,44.1,#N/A,#N/A,#N/A,#N/A,#N/A,#N/A,80.2%,#NAME?,#N/A,#N/A,,#N/A,#N/A,#N/A,80.21%,#N/A,#N/A,,#N/A,,#N/A,#N/A,#N/A,#N/A,80.21%,,#N/A,,,
187,"Announce NSN JKYECP3T6SQP <GO>, Prelim  NSN JNUG2J3TCF0M <GO>, Final  NSN JO5NQK3PWT1I <GO>",HD US,HD US Equity,Home Depot Inc,#N/A,7/10/2007,8/31/2007,7/9/07,8/24/07,9/4/07,20070409,20070709,51,,$37.00,$42.00,250.0,250.0,"$9,250.0","$10,500.0",X,289.3,,#N/A,#N/A,#N/A,#N/A,,289.3,N/A,$37.00,#N/A,289.3,"$10,705.3",100.0%,86.4%,#N/A,,#N/A,#N/A,#N/A,#N/A,#N/A,,#N/A,#N/A,#N/A,#N/A,,,,#N/A,#N/A,#N/A,#N/A,572.4,#N/A,#N/A,#N/A,#N/A,#N/A,#N/A,228.9%,#NAME?,#N/A,#N/A,,#N/A,#N/A,#N/A,228.95%,#N/A,#N/A,,#N/A,,#N/A,#N/A,#N/A,#N/A,228.95%,,#N/A,,,
188,"Announce NSN JLFH9J3TCF0H <GO>, Prelim  NSN JMWX453T6SQR <GO>, Final  NSN JN81473T6SQP <GO>",FFKT US,FFKT US Equity,Farmers Capital Bank Corp,#N/A,7/19/2007,8/16/2007,7/18/07,8/9/07,8/17/07,20070418,20070718,27,,$31.00,$35.00,0.6,0.6,$17.1,$19.3,X,,,#N/A,#N/A,#N/A,#N/A,,0.6,1.0,$32.00,#N/A,0.6,$17.6,100.0%,100.0%,#N/A,,#N/A,#N/A,#N/A,#N/A,#N/A,,#N/A,#N/A,#N/A,#N/A,,,,#N/A,#N/A,#N/A,#N/A,-0.1,#N/A,#N/A,#N/A,#N/A,#N/A,#N/A,-24.3%,#NAME?,#N/A,#N/A,,#N/A,#N/A,#N/A,-24.32%,#N/A,#N/A,,#N/A,,#N/A,#N/A,#N/A,#N/A,-24.32%,,#N/A,,,
189,"Announce  NSN JM4DND3TCF0H <GO>, Commence NSN JM7T7G3TCF0H <GO>, Final  NSN JO69NR3T6SQP <GO>",BANF US,BANF US Equity,Bancfirst Corp,#N/A,8/2/2007,9/4/2007,8/1/07,8/27/07,9/5/07,20070502,20070801,32,,$39.50,$45.00,0.5,0.5,$19.8,$22.5,X,0.5,,#N/A,#N/A,#N/A,#N/A,,0.5,0.5,$45.00,#N/A,0.5,$24.3,100.0%,92.7%,#N/A,,#N/A,#N/A,#N/A,#N/A,#N/A,,#N/A,#N/A,#N/A,#N/A,,,,#N/A,#N/A,#N/A,#N/A,0.4,#N/A,#N/A,#N/A,#N/A,#N/A,#N/A,71.1%,#NAME?,#N/A,#N/A,,#N/A,#N/A,#N/A,71.10%,#N/A,#N/A,,#N/A,,#N/A,#N/A,#N/A,#N/A,71.10%,,#N/A,,,
193,"Announce  NSN JMEHX13V2802 <GO>, Ammend  NSN JNY5E53V2809 <GO>, Prelim  NSN JOB4AD3V7U9T <GO>,  Final NSN JOM83P3V2801 <GO>",HEW US,HEW US Equity,Hewitt Associates Inc,#N/A,8/7/2007,9/12/2007,8/6/07,9/5/07,9/13/07,20070507,20070806,35,,$28.75,$32.00,15.6,15.6,$449.2,$500.0,X,,,#N/A,#N/A,#N/A,#N/A,,0.0,0.0,$32.00,#N/A,0.0,$0.2,100.0%,100.0%,#N/A,,#N/A,#N/A,#N/A,#N/A,#N/A,,#N/A,#N/A,#N/A,#N/A,,,,#N/A,#N/A,#N/A,#N/A,7.0,#N/A,#N/A,#N/A,#N/A,#N/A,#N/A,45.0%,#NAME?,#N/A,#N/A,,#N/A,#N/A,#N/A,45.02%,#N/A,#N/A,,#N/A,,#N/A,#N/A,#N/A,#N/A,45.02%,,#N/A,,,
196,"Announce NSN JN55N907SXKX <GO>, Prelim NSN JOO1LZ3T6SQP <GO>, Final  NSN JOZ6Q73TCF0I <GO>",AGYS US,AGYS US Equity,Agilysys Inc,#N/A,8/21/2007,9/19/2007,8/20/07,9/12/07,9/20/07,20070521,20070820,28,,$16.25,$18.50,6.0,6.0,$97.5,$111.0,X,,,#N/A,#N/A,#N/A,#N/A,,4.7,4.7,$18.50,#N/A,4.7,$86.1,100.0%,100.0%,#N/A,,#N/A,#N/A,#N/A,#N/A,#N/A,,#N/A,#N/A,#N/A,#N/A,,,,#N/A,#N/A,#N/A,#N/A,0.2,#N/A,#N/A,#N/A,#N/A,#N/A,#N/A,4.0%,#NAME?,#N/A,#N/A,,#N/A,#N/A,#N/A,3.97%,#N/A,#N/A,,#N/A,,#N/A,#N/A,#N/A,#N/A,3.97%,,#N/A,,,
197,"Announce  NSN JRTX5D3V2801 <GO>, Prelim  NSN JTCNH13V2802 <GO>, Final  NSN JTPMSD3V2801 <GO>",IKN US,IKN US Equity,IKON Office Solutions Inc,#N/A,11/21/2007,12/19/2007,11/20/07,12/12/07,12/20/07,20070821,20071120,28,,$13.00,$15.00,19.7,22.7,$295.0,$295.0,,,,#N/A,#N/A,#N/A,#N/A,,25.0,N/A,$13.00,#N/A,22.7,$295.0,90.9%,90.9%,#N/A,,#N/A,#N/A,#N/A,#N/A,#N/A,,#N/A,#N/A,#N/A,#N/A,,,,#N/A,#N/A,#N/A,#N/A,21.0,#N/A,#N/A,#N/A,#N/A,#N/A,#N/A,99.2%,#NAME?,#N/A,#N/A,,#N/A,#N/A,#N/A,99.17%,#N/A,#N/A,,#N/A,,#N/A,#N/A,#N/A,#N/A,99.17%,,#N/A,,,
,,COHR US,COHR US Equity,"Coherent, Inc",#N/A,2/13/2008,3/17/2008,2/12/08,3/10/08,3/18/08,20071113,20080212,34,,$26.00,$29.50,7.6,7.6,$198.3,$225.0,X,8.0,,#N/A,#N/A,#N/A,#N/A,,8.0,N/A,$28.50,#N/A,8.0,$295.0,100.0%,95.7%,#N/A,,#N/A,#N/A,#N/A,#N/A,#N/A,,#N/A,#N/A,#N/A,#N/A,,,,#N/A,#N/A,#N/A,#N/A,-3.0,#N/A,#N/A,#N/A,#N/A,#N/A,#N/A,-39.5%,#NAME?,#N/A,#N/A,,#N/A,#N/A,#N/A,-39.49%,#N/A,#N/A,,#N/A,,#N/A,#N/A,#N/A,#N/A,-39.49%,,#N/A,,,
202,"Announce/commence  NSN JW3L4Z3T6SQP <GO>, prelim  NSN JXMAQ43T6SQP <GO>, Final  NSN JXZ9EC3T6SQP <GO>",DTPI US,DTPI US Equity,Diamond Management & Technology Consultants Inc,#N/A,2/12/2008,3/11/2008,2/11/08,3/4/08,3/12/08,20071112,20080211,29,,$5.25,$6.00,5.0,5.0,$26.3,$30.0,X,,,#N/A,#N/A,#N/A,#N/A,,2.6,2.6,$6.00,#N/A,2.6,$15.9,100.0%,100.0%,#N/A,,#N/A,#N/A,#N/A,#N/A,#N/A,,#N/A,#N/A,#N/A,#N/A,,,,#N/A,#N/A,#N/A,#N/A,1.0,#N/A,#N/A,#N/A,#N/A,#N/A,#N/A,20.7%,#NAME?,#N/A,#N/A,,#N/A,#N/A,#N/A,20.71%,#N/A,#N/A,,#N/A,,#N/A,#N/A,#N/A,#N/A,20.71%,,#N/A,,,
203,"Announce NSN JWHK2G3T6SQQ <GO>, Ammend NSN JXQN0P3T6SQP <GO>, Prelim  NSN JXZM9K3T6SQP <GO>, Final NSN JYB23U3T6SQP <GO>",SHOO US,SHOO US Equity,Steven Madden Ltd,#N/A,2/19/2008,3/18/2008,2/15/08,3/11/08,3/19/08,20071116,20080215,29,,$16.50,$20.00,2.6,2.6,$42.9,$52.0,X,,,#N/A,#N/A,#N/A,#N/A,,3.2,N/A,$17.00,#N/A,2.6,$44.2,80.6%,80.6%,#N/A,,#N/A,#N/A,#N/A,#N/A,#N/A,,#N/A,#N/A,#N/A,#N/A,,,,#N/A,#N/A,#N/A,#N/A,4.0,#N/A,#N/A,#N/A,#N/A,#N/A,#N/A,154.9%,#NAME?,#N/A,#N/A,,#N/A,#N/A,#N/A,154.87%,#N/A,#N/A,,#N/A,,#N/A,#N/A,#N/A,#N/A,154.87%,,#N/A,,,
204,"Announce NSN JWJI733T6SQP <GO>, Prelim  NSN JYR2TE3T6SQQ <GO>, Final NSN JZ22I83T6SQP <GO",CHIC US,CHIC US Equity,Charlotte Russe Holding Inc,#N/A,2/20/2008,4/2/2008,2/19/08,3/26/08,4/3/08,20071120,20080219,42,,$18.00,$20.00,4.0,4.0,$72.0,$80.0,X,4.1,,#N/A,#N/A,#N/A,#N/A,,9.1,N/A,$18.00,#N/A,4.1,$73.4,45.0%,44.1%,#N/A,,#N/A,#N/A,#N/A,#N/A,#N/A,,#N/A,#N/A,#N/A,#N/A,,,,#N/A,#N/A,#N/A,#N/A,5.2,#N/A,#N/A,#N/A,#N/A,#N/A,#N/A,129.0%,#NAME?,#N/A,#N/A,,#N/A,#N/A,#N/A,128.98%,#N/A,#N/A,,#N/A,,#N/A,#N/A,#N/A,#N/A,128.98%,,#N/A,,,
206,"Announce NSN K0IKWU3T6SQP <GO>, Commencement  NSN K0URS63T6SQP <GO>, Prelim  NSN K2K2QR3TCF0H <GO>, Final NSN K2Q7KJ3T6SQP <GO>",NHWK US,NHWK US Equity,Nighthawk Radiology Holdings Inc,#N/A,5/8/2008,6/13/2008,5/7/08,6/6/08,6/16/08,20080206,20080507,35,,$7.45,$8.05,6.2,6.7,$50.0,$50.0,,,,#N/A,#N/A,#N/A,#N/A,,2.2,2.2,$8.05,#N/A,2.2,$18.0,100.0%,100.0%,#N/A,,#N/A,#N/A,#N/A,#N/A,#N/A,,#N/A,#N/A,#N/A,#N/A,,,,#N/A,#N/A,#N/A,#N/A,-1.6,#N/A,#N/A,#N/A,#N/A,#N/A,#N/A,-24.5%,#NAME?,#N/A,#N/A,,#N/A,#N/A,#N/A,-24.48%,#N/A,#N/A,,#N/A,,#N/A,#N/A,#N/A,#N/A,-24.48%,,#N/A,,,
207,"Announce/commence  NSN K1TI0I3T6SQP <GO>, Prelim NSN K3A1IQ3T6SQP <GO>, Final  NSN K3OUUC3T6SQP <GO> NO AMMENDMENT??",SHO US,SHO US Equity,Sunstone Hotel Investors Inc,#N/A,6/2/2008,6/27/2008,5/30/08,6/20/08,6/30/08,20080229,20080530,25,,$16.75,$19.25,6.2,6.2,$103.9,$119.4,,7.4,,#N/A,#N/A,#N/A,#N/A,,7.9,N/A,$17.50,#N/A,7.4,$129.0,93.8%,78.9%,#N/A,,#N/A,#N/A,#N/A,#N/A,#N/A,,#N/A,#N/A,#N/A,#N/A,,,,#N/A,#N/A,#N/A,#N/A,6.1,#N/A,#N/A,#N/A,#N/A,#N/A,#N/A,98.9%,#NAME?,#N/A,#N/A,,#N/A,#N/A,#N/A,98.91%,#N/A,#N/A,,#N/A,,#N/A,#N/A,#N/A,#N/A,98.91%,,#N/A,,,
208,"Announce  NSN K28YWP3V2801 <GO>, Commence  NSN K2LW053V7U9W <GO>, Prelim NSN K45JAD3V2801 <GO>, Final  NSN K4GWBD3V2803 <GO>",URI US,URI US Equity,United Rentals Inc,#N/A,6/10/2008,7/16/2008,6/9/08,7/9/08,7/17/08,20080310,20080609,36,,$22.00,$25.00,27.2,27.2,$597.5,$679.0,X,,,#N/A,#N/A,#N/A,#N/A,,72.0,N/A,$22.00,#N/A,27.2,$597.5,37.7%,37.7%,#N/A,,#N/A,#N/A,#N/A,#N/A,#N/A,,#N/A,#N/A,#N/A,#N/A,,,,#N/A,#N/A,#N/A,#N/A,49.0,#N/A,#N/A,#N/A,#N/A,#N/A,#N/A,180.2%,#NAME?,#N/A,#N/A,,#N/A,#N/A,#N/A,180.25%,#N/A,#N/A,,#N/A,,#N/A,#N/A,#N/A,#N/A,180.25%,,#N/A,,,
210,"Commence NSN K4RIJD3V2802 <GO>, Prelim NSN K6B2JD3V2805 <GO>, Final  NSN K6PVVD3V2801 <GO>}",FC US,FC US Equity,Franklin Covey Co,#N/A,7/8/2008,8/27/2008,7/7/08,8/20/08,8/28/08,20080407,20080707,49,,$9.00,$10.50,2.7,3.1,$28.0,$28.0,,,,#N/A,#N/A,#N/A,#N/A,,3.1,N/A,$9.25,#N/A,3.0,$28.0,97.5%,97.5%,#N/A,,#N/A,#N/A,#N/A,#N/A,#N/A,,#N/A,#N/A,#N/A,#N/A,,,,#N/A,#N/A,#N/A,#N/A,1.1,#N/A,#N/A,#N/A,#N/A,#N/A,#N/A,39.4%,#NAME?,#N/A,#N/A,,#N/A,#N/A,#N/A,39.37%,#N/A,#N/A,,#N/A,,#N/A,#N/A,#N/A,#N/A,39.37%,,#N/A,,,
211,"Announce  NSN K5F5X13T6SQQ <GO>, Prelim NSN K77Y5S3T6SQP <GO>, Final  NSN K7FDQM3T6SQP <GO>",EXTR US,EXTR US Equity,Extreme Networks,#N/A,8/11/2008,9/12/2008,8/8/08,9/5/08,9/15/08,20080509,20080808,31,,$3.30,$3.70,27.0,30.3,$100.0,$100.0,,,,#N/A,#N/A,#N/A,#N/A,,44.9,44.9,$3.50,#N/A,28.6,$100.0,63.7%,63.7%,#N/A,,#N/A,#N/A,#N/A,#N/A,#N/A,,#N/A,#N/A,#N/A,#N/A,,,,#N/A,#N/A,#N/A,#N/A,9.5,#N/A,#N/A,#N/A,#N/A,#N/A,#N/A,33.2%,#NAME?,#N/A,#N/A,,#N/A,#N/A,#N/A,33.18%,#N/A,#N/A,,#N/A,,#N/A,#N/A,#N/A,#N/A,33.18%,,#N/A,,,
213,"Announce  NSN K8FRK33V7U9U <GO>, Commence/Ammendment NSN K9XJO83V2804 <GO>, Final  NSN KBZ1I13V2809 <GO>",QSFT US,QSFT US Equity,Quest Software Inc,#N/A,10/9/2008,12/9/2008,10/8/08,12/2/08,12/10/08,20080709,20081008,60,,$12.50,$14.50,9.7,9.7,$120.7,$140.0,X,11.4,,#N/A,#N/A,#N/A,#N/A,,15.6,N/A,$12.50,#N/A,11.4,$143.1,73.2%,61.7%,#N/A,,#N/A,#N/A,#N/A,#N/A,#N/A,,#N/A,#N/A,#N/A,#N/A,,,,#N/A,#N/A,#N/A,#N/A,7.4,#N/A,#N/A,#N/A,#N/A,#N/A,#N/A,76.4%,#NAME?,#N/A,#N/A,,#N/A,#N/A,#N/A,76.42%,#N/A,#N/A,,#N/A,,#N/A,#N/A,#N/A,#N/A,76.42%,,#N/A,,,
216,"Announce NSN K9RAO33V2804 <GO>, Commencement  NSN K9VS213V2800 <GO>,  Ammend NSN KAUWI03V2800 <GO>, 2nd Ammend NSN KBDEIO3V2800 <GO>, Prelim  NSN KC51R03V2800 <GO>, Final NSN KCN0003V2806 <GO>",BIRT US,BIRT US Equity,Actuate Corp,#N/A,11/3/2008,12/18/2008,10/31/08,12/11/08,12/19/08,20080801,20081031,45,,$3.00,$3.50,17.1,20.0,$60.0,$60.0,,,,#N/A,#N/A,#N/A,#N/A,,20.7,N/A,$3.50,#N/A,17.1,$60.0,83.0%,83.0%,#N/A,,#N/A,#N/A,#N/A,#N/A,#N/A,,#N/A,#N/A,#N/A,#N/A,,,,#N/A,#N/A,#N/A,#N/A,7.2,#N/A,#N/A,#N/A,#N/A,#N/A,#N/A,38.7%,#NAME?,#N/A,#N/A,,#N/A,#N/A,#N/A,38.72%,#N/A,#N/A,,#N/A,,#N/A,#N/A,#N/A,#N/A,38.72%,,#N/A,,,
223,"Announce  NSN KKKUA03V2802 <GO>, Prelim  NSN KM3S213V7U9X <GO>",QSFT US,QSFT US Equity,Quest Software Inc,#N/A,6/2/2009,6/30/2009,6/1/09,6/23/09,7/1/09,20090302,20090601,28,,$12.50,$14.00,10.7,10.7,$133.9,$150.0,X,,,#N/A,#N/A,#N/A,#N/A,,6.9,6.9,$14.00,#N/A,6.9,$95.9,100.0%,100.0%,#N/A,,#N/A,#N/A,#N/A,#N/A,#N/A,,#N/A,#N/A,#N/A,#N/A,,,,#N/A,#N/A,#N/A,#N/A,-2.6,#N/A,#N/A,#N/A,#N/A,#N/A,#N/A,-24.1%,#NAME?,#N/A,#N/A,,#N/A,#N/A,#N/A,-24.07%,#N/A,#N/A,,#N/A,,#N/A,#N/A,#N/A,#N/A,-24.07%,,#N/A,,,
228,"Announce/Commencement NSN KT1VK13TCF0H <GO>, Ammendment NSN KUHPIF3TCF0H <GO>, Prelim  NSN KV5S663T6SQP <GO>, Final Results  NSN KVHK3G3T6SQP <GO>",MAXY US,MAXY US Equity,Maxygen Inc,#N/A,11/13/2009,12/23/2009,11/12/09,12/16/09,12/24/09,20090813,20091112,40,,$5.30,$6.10,6.6,6.6,$34.8,$40.0,X,7.3,,#N/A,#N/A,#N/A,#N/A,,9.4,N/A,$5.30,#N/A,7.3,$38.9,78.1%,69.8%,#N/A,,#N/A,#N/A,#N/A,#N/A,#N/A,,#N/A,#N/A,#N/A,#N/A,,,,#N/A,#N/A,#N/A,#N/A,5.7,#N/A,#N/A,#N/A,#N/A,#N/A,#N/A,86.4%,#NAME?,#N/A,#N/A,,#N/A,#N/A,#N/A,86.42%,#N/A,#N/A,,#N/A,,#N/A,#N/A,#N/A,#N/A,86.42%,,#N/A,,,
229,"Announce/Commencement NSN KTESCC3V2801 <GO>, Final NSN KV654O3V2800 <GO>",EFII US,EFII US Equity,Electronics for Imaging Inc,#N/A,10/29/2009,12/18/2009,10/28/09,12/11/09,12/21/09,20090729,20091028,49,,$11.25,$12.75,4.5,4.5,$50.6,$57.4,X,5.5,,#N/A,#N/A,#N/A,#N/A,,8.3,8.3,$12.75,#N/A,5.5,$70.0,65.9%,54.0%,#N/A,,#N/A,#N/A,#N/A,#N/A,#N/A,,#N/A,#N/A,#N/A,#N/A,,,,#N/A,#N/A,#N/A,#N/A,-0.5,#N/A,#N/A,#N/A,#N/A,#N/A,#N/A,-11.0%,#NAME?,#N/A,#N/A,,#N/A,#N/A,#N/A,-10.96%,#N/A,#N/A,,#N/A,,#N/A,#N/A,#N/A,#N/A,-10.96%,,#N/A,,,
231,"Announce NSN KW31E13V2804 <GO>, Prelim  NSN KY8S013V2803 <GO>",SONO US,SONO US Equity,SonoSite Inc,#N/A,1/11/2010,2/19/2010,1/8/10,2/11/10,2/22/10,20091009,20100108,38,,$26.10,$30.00,3.3,3.8,$100.0,$100.0,,,,16.3,17.4,20.6%,22.0%,,3.0,3.0,$30.00,#N/A,3.0,$88.8,100.0%,100.0%,18.2%,,#N/A,#N/A,#N/A,#N/A,#N/A,,#N/A,#N/A,#N/A,#N/A,,,,#N/A,#N/A,20.5%,23.6%,2.1,#N/A,#N/A,#N/A,#N/A,#N/A,#N/A,57.3%,#NAME?,#N/A,#N/A,,18.21%,22.03%,#N/A,57.29%,#N/A,#N/A,,#N/A,,#N/A,#N/A,#N/A,#N/A,57.29%,,#N/A,,,
234,"Announced  NSN L20OTO3V7U9S <GO>, Commencement NSN L2CI726VOT1C <GO>,  Prelim Results  NSN L3R2DX3HBS3K <GO>,  Final Results  NSN L41P053HBS3K <GO>",VR US,VR US Equity,Validus Holdings Ltd,#N/A,5/7/2010,6/8/2010,5/6/10,6/1/10,6/9/10,20100204,20100506,31,,$24.00,$27.50,10.9,12.5,$300.0,$300.0,,,,119.9,123.7,9.5%,9.8%,,13.9,N/A,$25.00,#N/A,12.0,$300.0,86.4%,86.4%,11.6%,,#N/A,#N/A,#N/A,#N/A,#N/A,,#N/A,#N/A,#N/A,#N/A,,,,#N/A,#N/A,9.1%,10.4%,4.4,#N/A,#N/A,#N/A,#N/A,#N/A,#N/A,37.9%,#NAME?,#N/A,#N/A,,11.59%,9.76%,#N/A,37.88%,#N/A,#N/A,,#N/A,,#N/A,#N/A,#N/A,#N/A,37.88%,,#N/A,,,
236,"Announce  NSN L2ZZ703V7U9S <GO>, Commence  NSN L54V0O3V2800 <GO>",FIS US,FIS US Equity,Fidelity National Information Services Inc,#N/A,5/25/2010,8/3/2010,5/24/10,7/27/10,8/4/10,20100222,20100524,68,,$29.00,$31.00,80.6,86.2,"$2,500.0","$2,500.0",,,,379.1,379.1,22.0%,22.0%,,171.5,N/A,$29.00,#N/A,86.2,"$2,500.0",50.3%,50.3%,45.2%,,#N/A,#N/A,#N/A,#N/A,#N/A,,#N/A,#N/A,#N/A,#N/A,,,,#N/A,#N/A,21.3%,22.7%,143.0,#N/A,#N/A,#N/A,#N/A,#N/A,#N/A,171.4%,#NAME?,#N/A,#N/A,,45.24%,22.00%,#N/A,171.41%,#N/A,#N/A,,#N/A,,#N/A,#N/A,#N/A,#N/A,171.41%,,#N/A,,,
237,"Announce NSN L69OBO3V7U9T <GO>, Final {NSN L819MO3V2800 <go>}",CASY US,CASY US Equity,#NAME?,#N/A,7/28/2010,8/25/2010,7/27/10,8/18/10,8/26/10,20100427,20100727,27,,$38.00,$40.00,12.5,13.2,$500.0,$500.0,,,,50.6,51.0,25.2%,25.3%,,26.8,N/A,$38.00,#N/A,13.2,$500.0,49.1%,49.1%,52.9%,,#N/A,#NAME?,#N/A,#N/A,#N/A,,#N/A,#N/A,#N/A,#N/A,,,,#N/A,#N/A,24.7%,26.0%,16.5,#N/A,#N/A,#NAME?,#N/A,#N/A,#N/A,128.6%,#NAME?,#N/A,#N/A,,52.94%,25.34%,#N/A,128.59%,#N/A,#N/A,,#N/A,,#N/A,#N/A,#N/A,#NAME?,128.59%,,#NAME?,,,
,"Announce: {NSN L973U33TCF0H <go>}, Final: {NSN LBB9E13TCF0G <go>}",SCHL US,SCHL US Equity,Scholastic Corp,#N/A,9/23/2010,10/28/2010,9/22/10,10/21/10,10/29/10,20100623,20100922,35,,$27.00,$31.00,4.8,5.6,$150.0,$150.0,,5.2,,27.5,34.4,15.1%,18.9%,,7.8,N/A,$30.00,#N/A,5.2,$156.0,66.9%,71.5%,28.2%,,#N/A,#N/A,#N/A,#N/A,#N/A,,#N/A,#N/A,#N/A,#N/A,,,,#N/A,#N/A,17.6%,20.2%,3.0,#N/A,#N/A,#N/A,#N/A,#N/A,#N/A,57.0%,#NAME?,#N/A,#N/A,,28.23%,18.88%,#N/A,56.96%,#N/A,#N/A,,#N/A,,#N/A,#N/A,#N/A,#N/A,56.96%,,#N/A,,,
,"Announce: {NSN L9XYYO3V2800 <go>}, Final: {NSN LBY3103V7U9S <go>}, ",SLGN US,SLGN US Equity,Silgan Holdings Inc,#N/A,10/8/2010,11/8/2010,10/7/10,11/1/10,11/9/10,20100708,20101007,30,,$31.25,$35.25,5.0,5.6,$175.0,$175.0,,,,76.8,76.8,6.9%,6.9%,,5.1,N/A,$34.75,#N/A,5.0,$175.0,99.0%,99.0%,6.6%,,#N/A,#N/A,#N/A,#N/A,#N/A,,#N/A,#N/A,#N/A,#NAME?,,,,#N/A,#N/A,6.5%,7.3%,4.3,#NAME?,#N/A,#N/A,#N/A,#N/A,#N/A,80.5%,#NAME?,#N/A,#N/A,,6.62%,6.88%,#N/A,80.46%,#N/A,#N/A,,#N/A,,#N/A,#N/A,#N/A,#N/A,80.46%,,#N/A,,,
,{NSN LAX0G03V2802 <go>},PGI US,PGI US Equity,Premiere Global Services Inc,#N/A,10/27/2010,12/3/2010,10/26/10,11/26/10,12/6/10,20100727,20101026,36,,$6.75,$7.75,6.5,7.4,$50.0,$50.0,,8.1,,59.4,60.4,11.5%,11.7%,,8.2,N/A,$7.25,#N/A,8.1,$58.8,98.6%,90.1%,13.8%,,#N/A,#N/A,#N/A,#N/A,#N/A,,#N/A,#N/A,#N/A,#N/A,,,,#N/A,#N/A,10.9%,12.5%,0.3,#N/A,#N/A,#N/A,#N/A,#N/A,#N/A,3.7%,#NAME?,#N/A,#N/A,,13.85%,11.67%,#N/A,3.71%,#N/A,#N/A,,#N/A,,#N/A,#N/A,#N/A,#N/A,3.71%,,#N/A,,,
,{NSN LE8MK43TCF0H <go>},TPCG US,TPCG US Equity,TPC Group Inc,#N/A,11/8/2010,12/23/2010,11/5/10,12/16/10,12/27/10,20100806,20101105,45,,$26.50,$28.50,4.6,4.9,$130.0,$130.0,,,,18.2,18.2,26.0%,26.0%,,2.2,2.2,$28.50,#N/A,2.2,$61.4,100.0%,100.0%,11.8%,,#N/A,#N/A,#N/A,#N/A,#N/A,,#N/A,#N/A,#N/A,#N/A,,,,#N/A,#N/A,25.0%,26.9%,1.9,#N/A,#N/A,#N/A,#N/A,#N/A,#N/A,39.5%,#NAME?,#N/A,#N/A,,11.82%,25.97%,#N/A,39.53%,#N/A,#N/A,,#N/A,,#N/A,#N/A,#N/A,#N/A,39.53%,,#N/A,,,
,{NSN LFMS403V2815 <go>},OPAY US,OPAY US Equity,Official Payments Holdings Inc,#N/A,11/23/2010,1/20/2011,11/22/10,1/12/11,1/21/11,20100823,20101122,57,,$5.80,$6.20,1.6,1.7,$10.0,$10.0,,,,15.4,18.2,9.2%,10.9%,,1.9,N/A,$6.10,#N/A,1.6,$10.0,86.2%,86.2%,12.4%,,#N/A,#N/A,#N/A,#N/A,#N/A,,#N/A,#N/A,#N/A,#N/A,,,,#N/A,#N/A,10.5%,11.2%,0.3,#N/A,#N/A,#N/A,#N/A,#N/A,#N/A,16.8%,#NAME?,#N/A,#N/A,,12.38%,10.86%,#N/A,16.81%,#N/A,#N/A,,#N/A,,#N/A,#N/A,#N/A,#N/A,16.81%,,#N/A,,,
,{NSN LI8ZS73T6SQQ <go>},COHR US,COHR US Equity,Coherent Inc,#N/A,2/10/2011,3/11/2011,2/9/11,3/4/11,3/14/11,20101110,20110209,31,,$53.00,$59.00,1.3,1.3,$67.4,$75.0,X,,,24.8,25.4,5.0%,5.1%,,0.5,0.5,$59.00,#N/A,0.5,$26.8,100.0%,100.0%,1.8%,,#N/A,#N/A,#N/A,#N/A,#N/A,,#N/A,#N/A,#N/A,#N/A,,,,#N/A,#N/A,5.1%,5.1%,0.9,#N/A,#N/A,#N/A,#N/A,#N/A,#N/A,73.5%,#NAME?,#N/A,#N/A,,1.83%,5.12%,#N/A,73.55%,#N/A,#N/A,,#N/A,,#N/A,#N/A,#N/A,#N/A,73.55%,,#N/A,,,
,{NSN LL32TO3V2803 <go>},BYI US,BYI US Equity,Bally Technologies Inc,#N/A,4/8/2011,5/6/2011,4/7/11,4/29/11,5/9/11,20110106,20110407,28,,$34.50,$40.00,10.0,11.6,$400.0,$400.0,,,,49.8,52.9,20.4%,21.7%,,9.9,9.9,$40.00,#N/A,9.9,$396.5,100.0%,100.0%,19.9%,,#N/A,#N/A,#N/A,#N/A,#N/A,,#N/A,#N/A,#N/A,#N/A,,,,#N/A,#N/A,20.1%,23.3%,14.9,#N/A,#N/A,#N/A,#N/A,#N/A,#N/A,137.8%,#NAME?,#N/A,#N/A,,19.90%,21.67%,#N/A,137.78%,#N/A,#N/A,,#N/A,,#N/A,#N/A,#N/A,#N/A,137.78%,,#N/A,,,
,"Nsn J17IK33V2805 <GO>, Announce NSN J3MO253V2803 <GO>, Prelim NSN J5L2TT3V2805 <GO>, Final  NSN J5T4YV3V2801 <GO>, ",FBRC US,FBRC US Equity,FBR & Co,#N/A,8/2/2011,8/29/2011,8/1/11,8/22/11,8/30/11,20110502,20110801,27,,$2.55,$2.75,6.0,6.0,$15.3,$16.5,X,6.1,,47.4,60.8,9.9%,12.7%,,6.1,N/A,$2.55,#N/A,6.1,$15.7,100.0%,97.7%,13.0%,,#N/A,#N/A,#N/A,#N/A,#N/A,,#N/A,#N/A,#N/A,#N/A,,,,#N/A,#N/A,12.7%,12.7%,2.3,#N/A,#N/A,#N/A,#N/A,#N/A,#N/A,38.7%,#NAME?,#N/A,#N/A,,12.96%,12.66%,#N/A,38.69%,#N/A,#N/A,,#N/A,,#N/A,#N/A,#N/A,#N/A,38.69%,,#N/A,,,
,{NSN LRVZG83TCF0G <go>},WTM US,WTM US Equity,White Mountains Insurance Group Ltd,#N/A,8/17/2011,9/15/2011,8/16/11,9/8/11,9/16/11,20110517,20110816,28,,$385.00,$435.00,0.3,0.3,$115.5,$130.5,X,3.0,,6.9,8.0,3.8%,4.4%,,0.3,N/A,$415.00,#N/A,0.3,$136.1,100.0%,91.5%,4.8%,,#N/A,#N/A,#N/A,#N/A,#N/A,,#N/A,#N/A,#N/A,#N/A,,,,#N/A,#N/A,4.4%,4.4%,-0.1,#N/A,#N/A,#N/A,#N/A,#N/A,#N/A,-36.3%,#NAME?,#N/A,#N/A,,4.76%,4.35%,#N/A,-36.29%,#N/A,#N/A,,#N/A,,#N/A,#N/A,#N/A,#N/A,-36.29%,,#N/A,,,
,{NSN LVFYE03V2805 <go>},GLCH US,GLCH US Equity,Gleacher & Co Inc,#N/A,9/14/2011,11/22/2011,9/13/11,11/15/11,11/23/11,20110614,20110913,68,,$1.25,$1.35,6.0,6.0,$7.5,$8.1,X,,,41.2,127.6,4.7%,14.6%,,6.6,N/A,$1.25,#N/A,6.6,$8.3,100.0%,100.0%,16.0%,,#N/A,#N/A,#N/A,#N/A,#N/A,,#N/A,#N/A,#N/A,#N/A,,,,#N/A,#N/A,14.6%,14.6%,-6.2,#N/A,#N/A,#N/A,#N/A,#N/A,#N/A,-103.0%,#NAME?,#N/A,#N/A,,16.04%,14.57%,#N/A,-102.96%,#N/A,#N/A,,#N/A,,#N/A,#N/A,#N/A,#N/A,-102.96%,,#N/A,,,
,,WTM US,WTM US Equity,White Mountains Insurance Group Ltd,#N/A,10/14/2011,11/14/2011,10/13/11,11/7/11,11/15/11,20110714,20111013,30,,$385.00,$425.00,0.3,0.3,$115.5,$127.5,X,,,6.6,7.6,3.9%,4.6%,,0.0,0.0,$425.00,#N/A,0.0,$1.9,100.0%,100.0%,0.1%,,#N/A,#N/A,#N/A,#N/A,#N/A,,#N/A,#N/A,#N/A,#N/A,,,,#N/A,#N/A,4.6%,4.6%,-0.1,#N/A,#N/A,#N/A,#N/A,#N/A,#N/A,-23.1%,#NAME?,#N/A,#N/A,,0.07%,4.56%,#N/A,-23.11%,#N/A,#N/A,,#N/A,,#N/A,#N/A,#N/A,#N/A,-23.11%,,#N/A,,,
,{NSN LVWL1O3V2800 <go>},NSR US,NSR US Equity,NeuStar Inc,#N/A,11/3/2011,12/2/2011,11/2/11,11/25/11,12/5/11,20110803,20111102,29,,$31.25,$36.00,6.9,8.0,$250.0,$250.0,,,,71.4,72.6,10.3%,10.5%,,8.1,N/A,$34.50,#N/A,7.2,$250.0,89.1%,89.1%,11.4%,,#N/A,#N/A,#N/A,#N/A,#N/A,,#N/A,#N/A,#N/A,#N/A,,,,#N/A,#N/A,9.7%,11.2%,0.8,#N/A,#N/A,#N/A,#N/A,#N/A,#N/A,10.8%,#NAME?,#N/A,#N/A,,11.39%,10.47%,#N/A,10.79%,#N/A,#N/A,,#N/A,,#N/A,#N/A,#N/A,#N/A,10.79%,,#N/A,,,
,{NSN LW76VP3TCF0G <go>},AMGN US,AMGN US Equity,Amgen Inc,#N/A,11/7/2011,12/7/2011,11/4/11,11/30/11,12/8/11,20110805,20111104,30,,$54.00,$60.00,83.3,92.6,"$5,000.0","$5,000.0",,,,876.8,876.8,10.0%,10.0%,,94.9,94.9,$60.00,#N/A,83.3,"$5,000.0",87.8%,87.8%,10.8%,,#N/A,#N/A,#N/A,#N/A,#N/A,,#N/A,#N/A,#N/A,#N/A,,,,#N/A,#N/A,9.5%,10.6%,73.7,#N/A,#N/A,#N/A,#N/A,#N/A,#N/A,83.8%,#NAME?,#N/A,#N/A,,10.83%,10.03%,#N/A,83.79%,#N/A,#N/A,,#N/A,,#N/A,#N/A,#N/A,#N/A,83.79%,,#N/A,,,
,{NSN LW74603V2815 <go>},SHAW US,SHAW US Equity,Shaw Group Inc/The,#N/A,10/31/2011,12/14/2011,10/28/11,12/7/11,12/15/11,20110729,20111028,44,,$22.25,$25.25,5.9,6.7,$150.0,$150.0,,,,67.8,71.3,8.9%,9.3%,,6.6,N/A,$24.25,#N/A,6.2,$150.0,93.5%,93.5%,9.8%,,#N/A,#N/A,#N/A,#N/A,#N/A,,#N/A,#N/A,#N/A,#N/A,,,,#N/A,#N/A,8.8%,9.9%,7.1,#N/A,#N/A,#N/A,#N/A,#N/A,#N/A,111.4%,#NAME?,#N/A,#N/A,,9.75%,9.35%,#N/A,111.38%,#N/A,#N/A,,#N/A,,#N/A,#N/A,#N/A,#N/A,111.38%,,#N/A,,,
,http://phx.corporate-ir.net/phoenix.zhtml?c=204322&p=irol-newsArticle&ID=1642928&highlight=,FBRC US,FBRC US Equity,FBR & Co,#N/A,12/1/2011,12/28/2011,11/30/11,12/20/11,12/29/11,20110831,20111130,27,,$1.80,$2.00,5.0,5.0,$9.0,$10.0,X,,,41.0,54.8,9.1%,12.2%,,0.0,0.0,$2.00,#N/A,0.0,$0.0,100.0%,100.0%,0.0%,,#N/A,#N/A,#N/A,#N/A,#N/A,,#N/A,#N/A,#N/A,#N/A,,,,#N/A,#N/A,12.2%,12.2%,-0.4,#N/A,#N/A,#N/A,#N/A,#N/A,#N/A,-7.4%,#NAME?,#N/A,#N/A,,0.01%,12.19%,#N/A,-7.39%,#N/A,#N/A,,#N/A,,#N/A,#N/A,#N/A,#N/A,-7.39%,,#N/A,,,
,,WTW US,WTW US Equity,Weight Watchers International Inc,#N/A,2/15/2012,3/28/2012,2/14/12,3/21/12,3/29/12,20111115,20120214,43,,$72.00,$83.00,8.7,10.0,$720.0,$720.0,,,,34.6,73.6,12.7%,27.0%,,9.0,N/A,$82.00,#N/A,8.8,$720.0,97.1%,97.1%,26.2%,,#N/A,#N/A,#N/A,#N/A,#N/A,,#N/A,#N/A,#N/A,#N/A,,,,#N/A,#N/A,25.1%,28.9%,5.1,#N/A,#N/A,#N/A,#N/A,#N/A,#N/A,54.5%,#NAME?,#N/A,#N/A,,26.16%,27.02%,#N/A,54.52%,#N/A,#N/A,,#N/A,,#N/A,#N/A,#N/A,#N/A,54.52%,,#N/A,,,
,"Announce: {NSN LZV6CI3T6SQO <go>}, Final {NSN M29JD53T6SQP <go>}",WBMD,WBMD Equity,WebMD,#N/A,2/24/2012,4/3/2012,2/23/12,3/27/12,4/4/12,20111124,20120223,39,,$24.50,$26.00,5.8,6.1,$150.0,$150.0,,,,53.2,56.9,10.5%,11.2%,,18.0,N/A,$26.00,#N/A,5.8,$150.0,32.1%,32.1%,33.8%,,#N/A,#N/A,#N/A,#N/A,#N/A,,#N/A,#N/A,#N/A,#N/A,,,,#N/A,#N/A,10.8%,11.5%,-10.6,#N/A,#N/A,#N/A,#N/A,#N/A,#N/A,-178.8%,#NAME?,#N/A,#N/A,,33.85%,11.18%,#N/A,-178.78%,#N/A,#N/A,,#N/A,,#N/A,#N/A,#N/A,#N/A,-178.78%,,#N/A,,,
,"Announce: {NSN LZV6CI3T6SQO <go>}, Final {NSN M29JD53T6SQP <go>}",VR US,VR US Equity,Validus Holdings Ltd,#N/A,5/3/2012,6/5/2012,5/2/12,5/29/12,6/6/12,20120201,20120502,32,,$30.50,$33.50,6.0,6.6,$200.0,$200.0,,,,99.3,99.3,6.3%,6.3%,,6.4,25.6,$32.00,#N/A,6.4,$204.3,100.0%,100.0%,6.4%,,#N/A,#N/A,#N/A,#N/A,#N/A,,#N/A,#N/A,#N/A,#N/A,,,,#N/A,#N/A,6.0%,6.6%,7.5,#N/A,#N/A,#N/A,#N/A,#N/A,#N/A,120.1%,#NAME?,#N/A,#N/A,,6.43%,6.31%,#N/A,120.15%,#N/A,#N/A,,#N/A,,#N/A,#N/A,#N/A,#N/A,120.15%,,#N/A,,,
,"Announce: {NSN LZV6CI3T6SQO <go>}, Final {NSN M29JD53T6SQP <go>}",GBLI,GBLI Equity,Global Indemnity,#N/A,5/9/2012,6/8/2012,5/8/12,6/1/12,6/11/12,20120207,20120508,29,,$19.25,$22.00,2.8,3.2,$61.0,$61.0,,,,11.5,16.4,18.1%,25.9%,,2.9,N/A,$21.75,#N/A,2.9,$63.7,100.0%,100.0%,25.5%,,#N/A,#N/A,#N/A,#N/A,#N/A,,#N/A,#N/A,#N/A,#N/A,,,,#N/A,#N/A,24.2%,27.6%,0.9,#N/A,#N/A,#N/A,#N/A,#N/A,#N/A,29.5%,#NAME?,#N/A,#N/A,,25.52%,25.90%,#N/A,29.53%,#N/A,#N/A,,#N/A,,#N/A,#N/A,#N/A,#N/A,29.53%,,#N/A,,,
,,,,,,,,,,,,,,,,,,,,,,,,,,,,,,,,,,,,,,,,,,,,,,,,,,,,,,,,,,,,,,,,,,,,,,,,,,,,,,,,,,,,,,
,,,,,,,,,,,,,,,,,,,,,,,,,,,,,,,,,,,,,,,,,,,,,,,,,,,,,,,,,,,,,,,,,,,,,,,,,,,,,,,,,,,,,,
,,,,,,,,,,,,,,,,,,,,,,,,,,,,,,,,,,,,,,,,,,,,,,,,,,,,,,,,,,,,,,,,,,,,,,,,,,,,,,,,,,,,,,
,,,,,,,,,,,,,,,,,,,,,,,,,,,,,,,,,,,,,,,,,,,,,,,,,,,,,,,,,,,,,,,,,,,,,,,,,,,,,,,,,,,,,,
,,,,,,,,,,,,,,,,,,,,,,,,,,,,,,,,,,,,,,,,,,,,,,,,,,,,,,,,,,,,,,,,,,,,,,,,,,,,,,,,,,,,,,
,,,,,,,,,,,,,,,,,,,,,,,,,,,,,,,,,,,,,,,,,,,,,,,,,,,,,,,,,,,,,,,,,,,,,,,,,,,,,,,,,,,,,,
,,,,,,,,,,,,,,,,,,,,,,,,,,,,,,,,,,,,,,,,,,,,,,,,,,,,,,,,,,,,,,,,,,,,,,,,,,,,,,,,,,,,,,
,,,,,,,,,,,,,,,,,,,,,,,,,,,,,,,,,,,,,,,,,,,,,,,,,,,,,,,,,,,,,,,,,,,,,,,,,,,,,,,,,,,,,,
,,,,,,,,,,,,,,,,,,,,,,,,,,,,,,,,,,,,,,,,,,,,,,,,,,,,,,,,,,,,,,,,,,,,,,,,,,,,,,,,,,,,,,
,,,,,,,,,,,,,,,,,,,,,,,,,,,,,,,,,,,,,,,,,,,,,,,,,,,,,,,,,,,,,,,,,,,,,,,,,,,,,,,,,,,,,,
1,,,,,,,,,,,,,,,,,,,,,,,,,,,,,,,,,,,,,,,,,,,,,,,,,,,,,,,,,,,,,,,,,,,,,,,,,,,,,,,,,,,,,,
